Restaurant ID,:Restaurant Name,:City,:Location,:Locality,:Cuisines,:avg_for_two,:Aggregate Ratinng,:Comments,:Votes
17580142,:McGuire's Irish Pub & Brewery,:Pensacola,:600 E Gregory Street, Pensacola, FL 32502",:Pensacola,",:Burger, Bar Food, Steak",:40,:4.9,:Excellent,:2238
17061296,:Pom Pom's Teahouse and Sandwicheria,:Orlando,:67 North Bumby Avenue, Orlando, FL 32803",:The Milk District,",:American, Sandwich, Tea",:25,:4.9,:Excellent,:1457
17095098,:Mazzaro's Italian Market,:Tampa Bay,:2909 22nd Ave N, St Petersburg, FL 33713",:Kenwood,",:Italian, Deli",:10,:4.9,:Excellent,:1424
17142792,:Mama's Fish House,:Rest of Hawaii,:799 Poho Pl, Paia, HI 96779",:Paia,",:Hawaiian, Seafood",:70,:4.9,:Excellent,:1343
17061205,:Yellow Dog Eats,:Orlando,:1236 Hempel Avenue,Gotha, FL 34786",:Windermere,",:American, BBQ, Sandwich",:35,:4.9,:Excellent,:1252
6309903,:Silantro Fil-Mex,:Pasig City,:75 East Capitol Drive, Kapitolyo, Pasig City",:Kapitolyo,",:Filipino, Mexican",:800,:4.9,:Excellent,:1070
17059012,:Hollerbach's Willow Tree Caf°?,:Orlando,:205 East 1st Street, Sanford, FL 32771",:Sanford,,:German,:40,:4.8,:Excellent,:1699
17092293,:Bern's Steak House,:Tampa Bay,:1208 S Howard Ave, Tampa, FL 33606",:Hyde Park,",:American, Desserts, Steak",:70,:4.7,:Excellent,:3157
17316744,:Shorts Burger and Shine,:Cedar Rapids/Iowa City,:18 S Clinton St, Iowa City, IA 52240",:Iowa City,,:Burger,:10,:4.9,:Excellent,:820
17375072,:Atlanta Highway Seafood Market,:Gainesville,:227 Atlanta Highway Suite 900, Gainesville, GA 30501",:Gainesville,",:Sandwich, Seafood, Cajun",:25,:4.9,:Excellent,:681
17064031,:Tibby's New Orleans Kitchen,:Orlando,:2203 Aloma Avenue, Winter Park, FL 32792",:Winter Park,,:Cajun,:25,:4.7,:Excellent,:1412
17259243,:Miyabi 9,:Des Moines,:512 E Grand Ave, Des Moines, IA 50309",:East Village,",:Japanese, Sushi",:25,:4.8,:Excellent,:860
6300010,:Spiral - Sofitel Philippine Plaza Manila,:Pasay City,:Plaza Level, Sofitel Philippine Plaza Manila, CCP Complex, Pasay City",":Sofitel Philippine Plaza Manila, Pasay City",",:European, Asian, Indian",:6000,:4.9,:Excellent,:621
17145495,:Marukame Udon,:Rest of Hawaii,:2310 Kuhio Avenue, Honolulu, HI 96815",:Waikiki,,:Japanese,:10,:4.9,:Excellent,:602
17259395,:The Cafe,:Des Moines,:2616 Northridge Pkwy, Ames, IA 50010",:Ames,",:American, Coffee and Tea",:25,:4.9,:Excellent,:570
17060869,:Texas de Brazil,:Orlando,:5259 International Drive, Orlando, FL 32819",:I-Drive/Universal,",:Brazilian, Steak",:100,:4.6,:Excellent,:2324
17294607,:Rae's Coastal Cafe,:Augusta,:3208 W Wimbledon Dr, Augusta, GA 30909",:Augusta,",:American, Caribbean, Seafood",:40,:4.9,:Excellent,:548
17099925,:Red Mesa Cantina,:Tampa Bay,:128 3rd St S, St Petersburg, FL 33701",:Downtown St Petersburg,",:Latin American, Mexican, Southwestern",:25,:4.6,:Excellent,:1629
17616487,:Green Truck Pub,:Savannah,:2430 Habersham Street, Savannah, GA 31401",:Savannah,,:Burger,:40,:4.7,:Excellent,:906
17500759,:Ingleside Village Pizza,:Macon,:2395 Ingleside Ave, Macon, GA 31204",:Macon,",:Pizza, Sandwich",:10,:4.9,:Excellent,:478
17335156,:Tantra Asian Bistro,:Davenport,:589 East 53rd St, Davenport, IA 52807",:Davenport,,:Asian,:25,:4.9,:Excellent,:474
17580511,:Original Georgios Authentic Greek Food,:Pensacola,:13310 Merilla Street, Pensacola, FL 32507",:Perdido Key,,:Greek,:10,:4.7,:Excellent,:816
17096140,:Rumba Island Bar & Grill,:Tampa Bay,:1800 Gulf To Bay Blvd, Clearwater, FL 33765",:Clearwater,",:BBQ, Caribbean, Seafood",:25,:4.6,:Excellent,:1321
17057925,:Caf°? Tu Tu Tango,:Orlando,:8625 International Drive, Orlando, FL 32819",:I-Drive/Universal,",:New American, Tapas",:40,:4.6,:Excellent,:1293
17064266,:Hawkers Asian Street Fare,:Orlando,:1103 N Mills Avenue, Orlando, FL 32803",:Mills 50,",:Asian, Thai",:35,:4.6,:Excellent,:1293
17143970,:Kona Brewing Company,:Rest of Hawaii,:75-5629 Kuakini Highway, Kailua Kona, HI 96740",:Kailua Kona,",:American, Pizza, Bar Food",:35,:4.7,:Excellent,:764
6314987,:Locavore,:Pasig City,:Brixton Technology Center, 10 Brixton Street, Kapitolyo, Pasig City",:Kapitolyo,,:Filipino,:1100,:4.8,:Excellent,:532
17143950,:Yard House,:Rest of Hawaii,:226 Lewers St, Honolulu, HI 96815",:Waikiki,",:American, Asian, Burger",:40,:4.6,:Excellent,:1078
6318506,:Ooma,:Mandaluyong City,:Third Floor, Mega Fashion Hall, SM Megamall, Ortigas, Mandaluyong City",":SM Megamall, Ortigas, Mandaluyong City",",:Japanese, Sushi",:1500,:4.9,:Excellent,:365
17293409,:Sr. Sol 1,:Athens,:175 Tallassee Rd, Athens, GA 30606",:Athens,,:Mexican,:10,:4.6,:Excellent,:917
17293281,:Last Resort Grill,:Athens,:184 W Clayton St, Athens, GA 30601",:Athens,",:American, Southern, Southwestern",:40,:4.5,:Excellent,:1821
17615924,:Leopold's Ice Cream,:Savannah,:212 E Broughton Street, Savannah, GA 31401",:Savannah,",:Desserts, Sandwich, Ice Cream",:10,:4.6,:Excellent,:880
17580160,:New Yorker Deli & Pizzeria,:Pensacola,:3001 E Cervantes St, Pensacola, FL 32503",:Pensacola,",:Italian, Pizza, Sandwich",:10,:4.6,:Excellent,:792
6315438,:NIU by Vikings,:Taguig City,:Sixth Floor, SM Aura Premier, C5 Road Corner 26th Street, Bonifacio Global City, Taguig City",":SM Aura Premier, Bonifacio Global City, Taguig City",",:Seafood, American, Mediterranean, Japanese",:3000,:4.7,:Excellent,:535
17259368,:Fong's Pizza,:Des Moines,:223 4th Street, Des Moines, IA 50309",:Downtown,",:Chinese, Pizza",:25,:4.6,:Excellent,:728
17145077,:Star Noodle,:Rest of Hawaii,:286 Kupuohi St, Lahaina, HI 96761",:Lahaina,,:Asian,:10,:4.6,:Excellent,:723
17294556,:Miyabi Kyoto Japanese Steak House,:Augusta,:1315 Augusta West Pkwy, Augusta, GA 30909",:Augusta,",:Chinese, Steak",:40,:4.6,:Excellent,:717
17057397,:'Ohana,:Orlando,:1600 Seven Seas Drive, Lake Buena Vista, FL 32830",:Disney World Area,,:Hawaiian,:45,:4.5,:Excellent,:1151
17258036,:Centro,:Des Moines,:1007 Locust St, Des Moines, IA 50309",:Downtown,",:Italian, Pizza",:40,:4.5,:Excellent,:1109
17258496,:Hickory Park,:Des Moines,:1404 S Duff Ave, Ames, IA 50010",:Ames,",:BBQ, Burger, Desserts",:25,:4.5,:Excellent,:1025
17303642,:Flatbread Neapolitan Pizzeria,:Boise,:800 W Main Suite 230, Boise, ID 83702",:Boise,",:Italian, Pizza",:25,:4.6,:Excellent,:615
17615979,:Mrs. Wilkes' Dining Room,:Savannah,:107 W Jones St, Savannah, GA 31401",:Savannah,",:American, Southern",:40,:4.5,:Excellent,:1014
17316603,:Zoeys Pizzeria,:Cedar Rapids/Iowa City,:690 10th St, Marion, IA 52302",:Marion,",:Pizza, Sandwich",:25,:4.7,:Excellent,:433
17303465,:Bardenay,:Boise,:610 W Grove St, Boise, ID 83702",:Boise,",:American, Bar Food",:25,:4.5,:Excellent,:879
17303670,:Goldy's Breakfast Bistro,:Boise,:108 S Capitol Blvd, Boise, ID 83702",:Boise,",:Breakfast, Sandwich",:25,:4.5,:Excellent,:879
6317637,:Le Petit Souffle,:Makati City,:Third Floor, Century City Mall, Kalayaan Avenue, Poblacion, Makati City",":Century City Mall, Poblacion, Makati City",",:French, Japanese, Desserts",:1100,:4.8,:Excellent,:314
17293301,:Mama's Boy Restaurant,:Athens,:197 Oak St, GA 30601",:Athens,,:Southern,:10,:4.5,:Excellent,:849
17093135,:Conch Republic Grill,:Tampa Bay,:16699 Gulf Blvd, North Redington Beach, FL 33708",:Madeira Beach/Redington Beach,",:Sandwich, Seafood, Steak",:40,:4.5,:Excellent,:844
17580349,:Tu-Do Vietnamese Restaurant,:Pensacola,:7130 N Davis Hwy, Pensacola, FL 32504",:Pensacola,",:Asian, Vietnamese",:10,:4.5,:Excellent,:828
17334212,:Oakwood Cafe,:Dalton,:201 West Cuyler Street, Dalton, GA 30720",:Dalton,",:BBQ, Breakfast, Southern",:10,:4.9,:Excellent,:249
17616205,:The Olde Pink House,:Savannah,:23 Abercorn St, Savannah, GA 31401",:Savannah,",:American, Seafood, Southern",:70,:4.4,:Very Good,:1803
17452342,:Blue Orchid Thai Restaurant,:Lincoln,:129 N 10th St, Lincoln, NE 68508",:Haymarket,,:Thai,:25,:4.5,:Excellent,:799
17616266,:Zunzi's,:Savannah,:108 E York Street, Savannah, GA 31401",:Savannah,",:International, Mediterranean, Sandwich",:25,:4.5,:Excellent,:796
6318433,:Silantro Fil-Mex,:Quezon City,:Second Floor, UP Town Center, Katipunan Avenue, Diliman, Quezon City",":UP Town Center, Diliman, Quezon City",",:Filipino, Mexican",:800,:4.8,:Excellent,:294
17060516,:Seasons 52 Fresh Grill,:Orlando,:7700 West Sand Lake Road, Orlando, FL 32819",:Restaurant Row,,:American,:60,:4.4,:Very Good,:1685
17330611,:Cafe Le Rue @ The Landings,:Columbus,:2523 Airport Thruway, Columbus, GA 31904",:Columbus,",:American, Seafood, Cajun",:25,:4.6,:Excellent,:489
17141990,:Duke's Waikiki,:Rest of Hawaii,:2335 Kalakaua Ave, Honolulu, HI 96815",:Waikiki,",:Hawaiian, Seafood, Steak",:70,:4.4,:Very Good,:1492
17500767,:Jim Shaw's Seafood Grill & Bar,:Macon,:3040 Vineville Ave, Macon, GA 31204",:Macon,,:Seafood,:25,:4.6,:Excellent,:467
17142519,:Kihei Caffe,:Rest of Hawaii,:1945 S Kihei Road, Kihei, HI 96753",:Kihei,",:American, Hawaiian",:10,:4.5,:Excellent,:695
17580422,:Peg Leg Pete's,:Pensacola,:1010 Fort Pickens Rd, Pensacola Beach, FL 32561",:Pensacola Beach,",:Burger, Sandwich, Seafood",:40,:4.4,:Very Good,:1408
17144717,:Giovanni's Shrimp Truck,:Rest of Hawaii,:56-505 Kamehameha Hwy, Kahuku, HI 96731",:Kahuku,,:Seafood,:25,:4.5,:Excellent,:691
17258350,:Flying Mango,:Des Moines,:4345 Hickman Rd, Des Moines, IA 50310",:Beaverdale,",:BBQ, Caribbean, Cajun",:40,:4.5,:Excellent,:674
17294279,:The Bee's Knees,:Augusta,:211 10th Street, Augusta, GA 30901",:Augusta,",:International, Tapas, Vegetarian",:25,:4.5,:Excellent,:631
6310406,:The Food Hall by Todd English,:Taguig City,:Fifth Floor, SM Aura Premier, C5 Corner 26th Street, Bonifacio Global City, Taguig City",":SM Aura Premier, Bonifacio Global City, Taguig City",",:American, Asian, Italian, Seafood",:1800,:4.5,:Excellent,:618
17293422,:Transmetropolitan,:Athens,:145 E Clayton St, Athens, GA 30601",:Athens,",:Italian, Pizza, Sandwich",:10,:4.4,:Very Good,:1098
6304287,:Izakaya Kikufuji,:Makati City,:Little Tokyo, 2277 Chino Roces Avenue, Legaspi Village, Makati City",":Little Tokyo, Legaspi Village, Makati City",,:Japanese,:1200,:4.5,:Excellent,:591
17092801,:Ceviche Tapas Bar & Restaurant,:Tampa Bay,:2500 W Azeele St, Tampa, FL 33609",:Hyde Park,",:Breakfast, Spanish, Tapas",:25,:4.4,:Very Good,:1007
17061237,:Cev°_che Tapas Bar & Restaurant,:Orlando,:125 West Church Street, Orlando, FL 32801",:Church Street District,",:Spanish, Tapas",:40,:4.4,:Very Good,:981
6314302,:Sambo Kojin,:Mandaluyong City,:Third Floor, Mega Atrium, SM Megamall, Ortigas, Mandaluyong City",":SM Megamall, Ortigas, Mandaluyong City",",:Japanese, Korean",:1500,:4.8,:Excellent,:229
17580030,:Global Grill,:Pensacola,:27 South Palafox Pl, Pensacola, FL 32501",:Pensacola,",:European, International, Tapas",:40,:4.4,:Very Good,:900
17059541,:Maggiano's Little Italy,:Orlando,:9101 International Drive,Orlando, FL 32819",:I-Drive/Universal,,:Italian,:50,:4.4,:Very Good,:886
17375047,:Eat at Thai,:Gainesville,:975 Dawsonville Hwy, Gainesville, GA 30501",:Gainesville,,:Thai,:10,:4.6,:Excellent,:357
17316751,:The Hamburg Inn No. 2 Inc.,:Cedar Rapids/Iowa City,:214 N Linn St, Iowa City, IA 52245",:Iowa City,",:American, Breakfast, Burger",:10,:4.5,:Excellent,:488
17304733,:Boise Fry Company,:Boise,:204 N Capitol Blvd, Boise, ID 83702",:Boise,",:American, Burger",:10,:4.4,:Very Good,:823
17093273,:Daily Eats,:Tampa Bay,:901 S Howard Avenue, Tampa, FL 33606",:Hyde Park,",:American, Burger",:25,:4.4,:Very Good,:803
17061253,:Ethos Vegan Kitchen,:Orlando,:601-B South New York Avenue, Winter Park, FL 32789",:Winter Park,",:American, Breakfast, Vegetarian",:25,:4.4,:Very Good,:797
17580021,:Fisherman's Corner,:Pensacola,:13486 Perdido Key Dr, Pensacola, FL 32507",:Perdido Key,",:Sandwich, Seafood, Cajun",:40,:4.4,:Very Good,:747
17615740,:Crystal Beer Parlor,:Savannah,:301 W Jones St, Savannah, GA 31401",:Savannah,",:American, Bar Food",:25,:4.4,:Very Good,:690
17303772,:Los Beto's,:Boise,:5220 W Fairview Ave, Boise, ID 83706",:Boise,,:Mexican,:10,:4.4,:Very Good,:660
17257684,:A Dong Restaurant,:Des Moines,:1511 High Street, Des Moines, IA 50309",:Downtown,",:Asian, Vegetarian, Vietnamese, Bubble Tea",:10,:4.4,:Very Good,:659
17304929,:Fork,:Boise,:199 N 8th St, Boise, ID 83702",:Boise,",:American, Burger",:25,:4.4,:Very Good,:650
17064405,:Tako Cheena by Pom Pom,:Orlando,:932 North Mills Avenue, Orlando, FL 32803",:Mills 50,",:Asian, Latin American, Vegetarian",:10,:4.4,:Very Good,:570
17142096,:Gazebo,:Rest of Hawaii,:5315 Lower Honoapiilani Rd, Lahaina, HI 96761",:Lahaina,",:Breakfast, Burger",:25,:4.4,:Very Good,:552
17293915,:The Royal Peasant,:Athens,:1675 S. Lumpkin St., Athens, GA 30606",:Athens,,:Bar Food,:10,:4.4,:Very Good,:546
17330609,:Mark's City Grille,:Columbus,:7160 moon road, Columbus, GA 31909",:Columbus,,:American,:25,:4.5,:Excellent,:345
17142297,:Hula Grill,:Rest of Hawaii,:2435 Kaanapali Pkwy, Lahaina, HI 96761",:Lahaina,",:Hawaiian, Seafood, Steak",:40,:4.3,:Very Good,:1056
17304533,:Brick 29,:Boise,:320 11th Avenue S, Nampa, ID 83651",:Nampa,,:American,:40,:4.4,:Very Good,:487
16604911,:Bridge Road Brewers,:Beechworth,:Old Coach House 50 Ford St, Beechworth, Beechworth, VIC",:Beechworth,",:Pizza, Bar Food",:20,:4.6,:Excellent,:237
17057591,:Bahama Breeze Island Grille,:Orlando,:8849 International Drive, Orlando, FL 32819",:I-Drive/Universal,,:Caribbean,:45,:4.3,:Very Good,:910
17580539,:The Grand Marlin,:Pensacola,:400 Pensacola Beach Boulevard, Pensacola Beach, FL 32561",:Pensacola Beach,",:Caribbean, Seafood",:40,:4.3,:Very Good,:905
17500819,:Mandarin Chinese Restaurant,:Macon,:3086 Riverside Dr, Macon, GA 31210",:Macon,",:Chinese, Thai",:25,:4.5,:Excellent,:302
17294552,:Mellow Mushroom,:Augusta,:1167 Broad St, Augusta, GA 30901",:Augusta,",:Italian, Pizza, Sandwich",:25,:4.4,:Very Good,:433
17316038,:Irish Democrat,:Cedar Rapids/Iowa City,:3207 1st Ave SE, Cedar Rapids, IA 52402",:Cedar Rapids,",:American, BBQ, Burger",:25,:4.4,:Very Good,:430
17500911,:Rookery,:Macon,:543 Cherry St, Macon, GA 31201",:Macon,",:Burger, Desserts, Bar Food",:25,:4.5,:Excellent,:289
17334211,:Kobe Hibachi & Sushi,:Dalton,:2603 Battlefield Pkwy, Fort Oglethorpe, GA 30742",:Fort Oglethorpe,",:American, Japanese, Sushi",:25,:4.6,:Excellent,:214
17580074,:Ichiban,:Pensacola,:5555 N Davis Hwy Ste I, Pensacola, FL 32503",:Pensacola,",:Japanese, Sushi",:25,:4.3,:Very Good,:765
17293205,:Five & Ten,:Athens,:1073 South Milledge Ave, Athens, GA 30605",:Athens,,:American,:40,:4.3,:Very Good,:755
6308205,:Wildflour Cafe + Bakery,:Taguig City,:Ground Floor, Netlima Building, 4th Avenue Corner 26th Street, Bonifacio Global City, Taguig City",:Bonifacio Global City,",:Cafe, Bakery, American, Italian",:1500,:4.4,:Very Good,:392
17616076,:SOHO South Cafe,:Savannah,:12 W Liberty St, Savannah, GA 31401",:Savannah,",:Cafe, Sandwich, Southern",:25,:4.3,:Very Good,:719
17616348,:J. Christopher's,:Savannah,:122 E. Liberty, Savannah, GA 31401",:Savannah,",:Breakfast, Diner, Sandwich",:25,:4.3,:Very Good,:710
17142535,:Kimo's,:Rest of Hawaii,:845 Front St, Lahaina, HI 96761",:Lahaina,",:Hawaiian, Seafood, Steak",:40,:4.3,:Very Good,:707
16613649,:Vivo Bar and Grill,:Palm Cove,:49 Williams Esplanade, Palm Cove, QLD",:Palm Cove,",:Mediterranean, Seafood",:30,:4.4,:Very Good,:381
17259248,:Jethro's BBQ,:Des Moines,:3100 Forest Ave, Des Moines, IA 50311",:Kingman Place Historic District,",:American, BBQ",:25,:4.3,:Very Good,:699
17305123,:Lucianos Italian Restaurant,:Boise,:11 N Orchard St, Boise, ID 83706",:Boise,",:Italian, Seafood, Vegetarian",:25,:4.4,:Very Good,:360
18189371,:Din Tai Fung,:Mandaluyong City,:Ground Floor, Mega Fashion Hall, SM Megamall, Ortigas, Mandaluyong City",":SM Megamall, Ortigas, Mandaluyong City",,:Chinese,:1000,:4.4,:Very Good,:336
17293880,:Big City Bread Cafe,:Athens,:393 N Finley St, Athens, GA 30601",:Athens,",:Breakfast, Sandwich",:10,:4.3,:Very Good,:558
17303480,:Bittercreek Ale House,:Boise,:246 N 8th St, Boise, ID 83702",:Boise,",:American, Bar Food",:25,:4.3,:Very Good,:555
17259340,:Django,:Des Moines,:210 10th Street, Des Moines, IA 50309",:Downtown,,:French,:40,:4.3,:Very Good,:532
17335173,:Olive Tree Cafe,:Davenport,:2513 53rd Avenue, Bettendorf, IA 52722",:Bettendorf,",:Indian, Mediterranean, Middle Eastern",:25,:4.6,:Excellent,:166
6318213,:Balay Dako,:Tagaytay City,:Aguinaldo Highway, Tagaytay City",:Tagaytay City,,:Filipino,:1200,:4.5,:Excellent,:211
17316374,:A & A Pagliai's Pizza,:Cedar Rapids/Iowa City,:302 E Bloomington St, Iowa City, IA 52245",:Iowa City,,:Pizza,:25,:4.3,:Very Good,:485
17096198,:Salt Rock Grill,:Tampa Bay,:19325 Gulf Blvd, Indian Shores, FL 33785",:Indian Rocks/Indian Shores,",:American, Seafood, Steak",:40,:4.2,:Very Good,:1363
17616368,:Lulu's Chocolate Bar,:Savannah,:42 MLK Jr. Blvd, Savannah, GA 31401",:Savannah,",:Coffee and Tea, Desserts",:10,:4.3,:Very Good,:456
17579928,:Cactus Flower Cafe,:Pensacola,:3425 N 12th Ave, Pensacola, FL 32503",:Pensacola,",:Latin American, Mexican, Southwestern",:25,:4.2,:Very Good,:1268
6300002,:Heat - Edsa Shangri-La,:Mandaluyong City,:Edsa Shangri-La, 1 Garden Way, Ortigas, Mandaluyong City",":Edsa Shangri-La, Ortigas, Mandaluyong City",",:Seafood, Asian, Filipino, Indian",:4000,:4.4,:Very Good,:270
17375049,:Hoka-Hoka Japanese Steak & Sushi,:Gainesville,:617 North Grove Street, Dahlonega, GA 30533",:Dahlonega,",:Chinese, Japanese, Thai",:10,:4.4,:Very Good,:267
17316381,:Atlas World Grill,:Cedar Rapids/Iowa City,:127 Iowa Ave, Iowa City, IA 52240",:Iowa City,,:International,:40,:4.3,:Very Good,:428
17304741,:The Egg Factory,:Boise,:8061 W Fairview Ave, Boise, ID 83704",:Boise,,:Breakfast,:10,:4.3,:Very Good,:422
17303684,:Guido's Original New York Style Pizza,:Boise,:235 N 5th St, Boise, ID 83702",:Boise,,:Pizza,:10,:4.3,:Very Good,:410
17374405,:Houndstooth Grill & Tavern,:Gainesville,:6323 Grand Hickory Dr Ste 200A, Braselton, GA 30517",:Braselton,",:American, Sandwich, Seafood",:25,:4.4,:Very Good,:239
17259625,:Zombie Burger + Drink Lab,:Des Moines,:300 E. Grand Ave., Des Moines, IA 50309",:East Village,",:Burger, Desserts, Vegetarian",:10,:4.2,:Very Good,:943
17330546,:Hunter's Pub,:Columbus,:11269 GA Hwy 219, Hamilton, GA 31811",:Hamilton,",:American, Seafood, Steak",:40,:4.4,:Very Good,:235
17295109,:Frog Hollow Tavern,:Augusta,:1282 broad street, Augusta, GA 30901",:Augusta,,:American,:40,:4.3,:Very Good,:368
17141447,:Aloha Mixed Plate,:Rest of Hawaii,:1285 Front St, Lahaina, HI 96761",:Lahaina,",:Asian, Breakfast, Hawaiian",:10,:4.2,:Very Good,:874
17143336,:Sansei Seafood Restaurant & Sushi Bar,:Rest of Hawaii,:1881 S Kihei Rd, Kihei, HI 96753",:Kihei,",:Japanese, Seafood, Sushi",:40,:4.2,:Very Good,:807
17293229,:Grit,:Athens,:199 Prince Ave, Athens, GA 30601",:Athens,",:International, Southern, Vegetarian",:10,:4.2,:Very Good,:800
17334213,:Dub's High on the Hog,:Dalton,:349 S Wall St, Calhoun, GA 30701",:Calhoun,,:BBQ,:25,:4.4,:Very Good,:207
17330048,:Buckhead Bar and Grill,:Columbus,:5010 Armour Rd, Columbus, GA 31904",:Columbus,",:Seafood, Steak, Vegetarian",:40,:4.2,:Very Good,:722
17294850,:Thai Kitchen,:Augusta,:4357 Washington Road, Evans, GA 30809",:Evans,,:Thai,:35,:4.3,:Very Good,:317
17143705,:Wailana Coffee House,:Rest of Hawaii,:1860 Ala Moana Blvd, Honolulu, HI 96815",:Waikiki,",:American, Breakfast, Hawaiian",:25,:4.2,:Very Good,:694
17616203,:Goose Feathers Cafe and Bakery,:Savannah,:39 Barnard St, Savannah, GA 31401",:Savannah,",:Breakfast, Vegetarian",:10,:4.2,:Very Good,:680
6301290,:Vikings,:Pasay City,:Building B, By The Bay, Seaside Boulevard, Mall of Asia Complex (MOA), Pasay City",":SM by the Bay, Mall of Asia Complex, Pasay City",",:Seafood, Filipino, Asian, European",:2000,:4.2,:Very Good,:677
17303655,:Bar Gernika Basque Pub & Eatery,:Boise,:202 S Capitol Blvd, Boise, ID 83702",:Boise,",:European, Spanish",:10,:4.3,:Very Good,:303
17294712,:Takosushi,:Augusta,:437 Highland Ave, Augusta, GA 30909",:Augusta,",:Mexican, Southwestern, Sushi",:40,:4.2,:Very Good,:647
17374819,:Longstreet Cafe,:Gainesville,:1043 Riverside Terrace, Gainesville, GA 30501",:Gainesville,,:Southern,:10,:4.3,:Very Good,:298
17580453,:Cactus Flower Cafe Navarre,:Pensacola,:8725 Ortega Park Dr, Navarre, FL 32566",:Navarre,",:Mexican, Southwestern, Tex-Mex",:25,:4.2,:Very Good,:635
17293169,:Clocked,:Athens,:259 W Washington St, Athens, GA 30601",:Athens,",:American, Burger, Sandwich",:10,:4.2,:Very Good,:613
17330638,:The Black Cow,:Columbus,:115 A 12th St, Columbus, GA 31901",:Columbus,,:American,:25,:4.3,:Very Good,:287
17580476,:Native Cafe,:Pensacola,:45 A Via De Luna Dr, Pensacola Beach, FL 32561",:Pensacola Beach,",:Breakfast, Burger",:25,:4.2,:Very Good,:591
17293873,:Trappeze Pub,:Athens,:269 N Hull St, Athens, GA 30601",:Athens,",:Burger, Bar Food",:25,:4.2,:Very Good,:579
17057797,:Bosphorous Turkish Cuisine,:Orlando,:108 S Park Ave, Winter Park, FL 32789",:Winter Park,",:Mediterranean, Turkish",:40,:4.2,:Very Good,:568
17293870,:Shokitini,:Athens,:251 W Clayton St, Athens, GA 30601",:Athens,",:Asian, Japanese, Sushi",:25,:4.2,:Very Good,:550
17143282,:Roy's,:Rest of Hawaii,:226 Lewers St, Honolulu, HI 96815",:Waikiki,",:Asian, European, Seafood",:70,:4.2,:Very Good,:531
17259200,:Waterfront Seafood Market,:Des Moines,:2900 University Ave, West Des Moines, IA 50266",:West Des Moines,",:Seafood, Sushi",:40,:4.2,:Very Good,:530
6309455,:Mad Mark's Creamery & Good Eats,:Pasig City,:23 East Capitol Drive, Kapitolyo, Pasig City",:Kapitolyo,",:American, Ice Cream, Desserts",:900,:4.2,:Very Good,:488
17334364,:Farm To Fork,:Dalton,:118 Remco Shops Lane, Ringgold, GA 30736",:Ringgold,",:American, Diner, Southern",:10,:4.3,:Very Good,:244
17501298,:Greek Corner Deli,:Macon,:587 Cherry St, Macon, GA 31201",:Macon,",:Desserts, Greek, Sandwich",:10,:4.3,:Very Good,:244
17145408,:Monkeypod Kitchen by Merriman,:Rest of Hawaii,:10 Wailea Gateway Place, Unit B-201 Kihei, Hawaii, HI 96753",:Kihei,,:Burger,:40,:4.2,:Very Good,:485
18255654,:Hobing Korean Dessert Cafe,:Taguig City,:Third Floor, BGC Stopover Pavillion, Rizal Drive Corner 31st Street, Bonifacio Global City, Taguig City",":BGC Stopover Pavillion, Bonifacio Global City",",:Cafe, Korean, Desserts",:600,:4.5,:Excellent,:118
6310470,:Guevarra's,:San Juan City,:387 P. Guevarra Corner Argonne Street, Addition Hills, San Juan City",:Addition Hills,,:Filipino,:1000,:4.2,:Very Good,:458
6314605,:Sodam Korean Restaurant,:San Juan City,:17 J. Abad Santos Drive, Little Baguio, San Juan City",:Little Baguio,,:Korean,:700,:4.3,:Very Good,:223
17330604,:Burt's Butcher Shoppe and Eatery,:Columbus,:2932 Warm Springs Rd, Columbus, GA 31909",:Columbus,,:Steak,:25,:4.3,:Very Good,:213
17500847,:Natalia's,:Macon,:201 North Macon St., Macon, GA 31210",:Macon,",:European, Italian, Mediterranean",:70,:4.2,:Very Good,:379
17258154,:Court Avenue Brewing Company,:Des Moines,:309 Court Ave, Des Moines, IA 50309",:Downtown,",:American, Pizza, Bar Food",:40,:4.2,:Very Good,:370
6700475,:Skye - Hotel Unique,:S°úo Paulo,:Hotel Unique, Avenida Brigadeiro Lu°_s Ant°Änio, 4700, Jardim Paulista, S°úo Paulo",":Hotel Unique, Jardim Paulista",",:Beverages, International",:300,:4.8,:Excellent,:59
17330615,:Mongo The Mongolian Fire Pit,:Columbus,:7830 - E Veterans Pkwy, Columbus, GA 31909",:Columbus,",:Asian, Chinese",:10,:4.2,:Very Good,:355
17374921,:2 Dog,:Gainesville,:317 Spring St SE, Gainesville, GA 30501",:Gainesville,",:American, European, Sandwich",:25,:4.2,:Very Good,:350
17316208,:Ting's Red Lantern,:Cedar Rapids/Iowa City,:540 Boyson Rd NE, Cedar Rapids, IA 52402",:Cedar Rapids,,:Chinese,:10,:4.2,:Very Good,:347
17303478,:Big Jud's,:Boise,:1289 Protest Rd, Boise, ID 83706",:Boise,",:American, Burger, Sandwich",:10,:4.2,:Very Good,:334
7300515,:Garota de Ipanema,:Rio de Janeiro,:Rua Vinicius de Moraes, 49, Ipanema, Rio de Janeiro",:Ipanema,",:Brazilian, Bar Food",:120,:4.9,:Excellent,:49
17334348,:Christian and Jake's Bistro,:Dalton,:555 Georgia Hwy 53, Calhoun, GA 30701",:Calhoun,",:Desserts, Sandwich",:10,:4.4,:Very Good,:122
17375089,:Re-Cess,:Gainesville,:118 Bradford St NE, Gainesville, GA 30501",:Gainesville,",:American, Southern",:25,:4.2,:Very Good,:319
17294883,:El Kiosco Mexican Restaurant,:Augusta,:5174 Wrightsboro Rd, Grovetown, GA 30813",:Grovetown,,:Mexican,:10,:4.2,:Very Good,:300
17334679,:Azteca,:Davenport,:4811 N Brady St Ste 3, Davenport, IA 52806",:Davenport,,:Mexican,:0,:4.3,:Very Good,:167
17375198,:Antebellum,:Gainesville,:5510 Church Street, Flowery Branch, GA 30542",:Flowery Branch,",:American, Southern",:40,:4.3,:Very Good,:164
17501308,:Martin's BBQ,:Macon,:102 S Armed Forces Boulevard, Warner Robins, GA 31088",:Warner Robins,,:BBQ,:25,:4.2,:Very Good,:288
17316449,:Jimmy Jack's Rib Shack,:Cedar Rapids/Iowa City,:1940 Lower Muscatine Rd, Iowa City, IA 52240",:Iowa City,,:BBQ,:25,:4.2,:Very Good,:259
17095222,:The Moon Under Water,:Tampa Bay,:332 Beach Dr NE, St Petersburg, FL 33701",:Downtown St Petersburg,",:British, Bar Food, Sandwich",:25,:4.1,:Very Good,:1020
17092799,:Ceviche Tapas Bar & Restaurant,:Tampa Bay,:10 Beach Dr, St Petersburg, FL 33701",:Downtown St Petersburg,",:Spanish, Tapas",:25,:4.1,:Very Good,:986
17092257,:BellaBrava,:Tampa Bay,:204 Beach Drive Northeast, St Petersburg, FL 33701",:Downtown St Petersburg,",:American, Italian, Seafood",:25,:4.1,:Very Good,:921
7300955,:Braseiro da G°ávea,:Rio de Janeiro,:Pra°_a Santos Dumont, 116, G°ávea, Rio de Janeiro",:G°ávea,",:Brazilian, Bar Food",:100,:4.9,:Excellent,:40
17615855,:Huey's On The River,:Savannah,:115 E River St, Savannah, GA 31401",:Savannah,",:Breakfast, Cajun",:40,:4.1,:Very Good,:802
17500872,:Papouli's Mediterranean Cafe & Market,:Macon,:121 Tom Hill Sr Blvd, Macon, GA 31210",:Macon,",:Greek, Mediterranean, Vegetarian",:10,:4.2,:Very Good,:223
6703176,:Veloso,:S°úo Paulo,:Rua Concei°_°úo Veloso, 56, Vila Mariana, S°úo Paulo",:Vila Mariana,",:Brazilian, Bar Food, Beverages",:70,:4.6,:Excellent,:58
17316201,:Thai Moon Restaurant,:Cedar Rapids/Iowa City,:4362 16th Ave SW, Cedar Rapids, IA 52404",:Cedar Rapids,",:Chinese, Sushi, Thai",:10,:4.2,:Very Good,:220
17615597,:B. Matthew's Eatery,:Savannah,:325 E Bay St, Savannah, GA 31401",:Savannah,",:American, Breakfast",:25,:4.1,:Very Good,:683
17335158,:Front Street Brewery,:Davenport,:208 E River Dr, Davenport, IA 52801",:Davenport,,:American,:10,:4.3,:Very Good,:123
17579992,:Dharma Blue,:Pensacola,:300 S Alcaniz Street, Pensacola, FL 32502",:Pensacola,",:Seafood, Sushi",:40,:4.1,:Very Good,:669
17334958,:Texas Roadhouse,:Davenport,:4005 E 53rd Street, Davenport, IA 52807",:Davenport,",:American, BBQ, Steak",:25,:4.2,:Very Good,:197
17334390,:Soho Hibachi,:Dalton,:1014 Battlefield Parkway, Fort Oglethorpe, GA 30742",:Fort Oglethorpe,,:Japanese,:10,:4.3,:Very Good,:116
7302898,:Apraz°_vel,:Rio de Janeiro,:Rua Apraz°_vel, 62, Santa Teresa, Rio de Janeiro",:Santa Teresa,,:Brazilian,:300,:4.7,:Excellent,:44
17316771,:Taste of India,:Cedar Rapids/Iowa City,:1060 Old Marion Rd NE, Cedar Rapids, IA 52402",:Cedar Rapids,,:Indian,:25,:4.2,:Very Good,:186
17616222,:Vic's On The River,:Savannah,:26 E Bay St, Savannah, GA 31401",:Savannah,,:American,:70,:4.1,:Very Good,:558
17303646,:Flying Pie Pizzaria,:Boise,:6508 W Fairview Ave, Boise, ID 83704",:Boise,,:Pizza,:25,:4.1,:Very Good,:550
17293877,:Taqueria Del Sol,:Athens,:334 Prince Ave, Athens, GA 30601",:Athens,",:Mexican, Spanish",:10,:4.1,:Very Good,:543
17304691,:Barbacoa Restaurant,:Boise,:276 Bobwhite Ct, Boise, ID 83706",:Boise,",:Latin American, Steak",:70,:4.1,:Very Good,:538
17580350,:Tuscan Oven,:Pensacola,:4801 N 9th Ave, Pensacola, FL 32503",:Pensacola,",:Italian, Mediterranean, Pizza",:25,:4.1,:Very Good,:502
17258136,:Cool Basil,:Des Moines,:8801 University Ave, Clive, IA 50325",:Clive,",:Asian, Sushi, Thai",:25,:4.1,:Very Good,:496
17259169,:Tursi's Latin King,:Des Moines,:2200 Hubbell Ave, Des Moines, IA 50317",:Fairground,",:American, Italian",:70,:4.1,:Very Good,:476
6600427,:Coco Bambu,:Bras°_lia,:SCES, Trecho 2, Conjunto 13/36, Setor de Clubes Esportivos Sul, Bras°_lia",:Setor De Clubes Esportivos Sul,,:International,:230,:4.9,:Excellent,:30
17293890,:The National,:Athens,:232 W. Hancock Ave., Athens, GA 30601",:Athens,",:International, Southern",:40,:4.1,:Very Good,:465
17293273,:La Dolce Vita Ristorante,:Athens,:323 E Broad St, Athens, GA 30601",:Athens,,:Italian,:40,:4.1,:Very Good,:464
17558684,:Berry Patch Restaurant,:Clatskanie,:49289 Us-30, Westport, OR 97016",:Clatskanie,",:American, Breakfast, Desserts",:10,:4.3,:Very Good,:96
17294441,:Giuseppe's Pizza & Italian Specialities,:Augusta,:3690 Wheeler Rd, Augusta, GA 30909",:Augusta,",:Desserts, Italian, Pizza",:25,:4.1,:Very Good,:430
17316018,:Granite City Food & Brewery,:Cedar Rapids/Iowa City,:4755 1st Ave SE, Cedar Rapids, IA 52402",:Cedar Rapids,",:American, Breakfast, Burger",:40,:4.1,:Very Good,:429
17303990,:Shige Japanese Cuisine,:Boise,:100 N 8th St, Boise, ID 83702",:Boise,",:Japanese, Sushi, Teriyaki",:25,:4.1,:Very Good,:393
17293180,:DePalma's Italian Cafe - East Side,:Athens,:1965 Barnett Shoals Rd, Athens, GA 30605",:Athens,",:American, Italian, Pizza",:25,:4.1,:Very Good,:387
17294014,:Viva! Argentine Cuisine,:Athens,:247 Prince Ave, Athens, GA 30601",:Athens,",:Desserts, Latin American, Argentine",:10,:4.1,:Very Good,:374
17335168,:Osaka,:Davenport,:4901 Utica Ridge Rd, Davenport, IA 52807",:Davenport,",:Japanese, Sushi",:40,:4.2,:Very Good,:141
6706313,:Cantina Famiglia Mancini,:S°úo Paulo,:Rua Avanhandava, 81, Bela Vista, S°úo Paulo 10000",":Bela Vista, Centro",",:Italian, Pizza",:250,:4.5,:Excellent,:49
17315883,:Biaggi's Ristorante Italiano,:Cedar Rapids/Iowa City,:320 Collins Rd NE, Cedar Rapids, IA 52402",:Cedar Rapids,",:Italian, Pizza",:40,:4.1,:Very Good,:365
17582546,:El Herradero,:Pocatello,:123 Jefferson Ave, Pocatello, ID 83201",:Pocatello,,:Mexican,:10,:4.1,:Very Good,:365
7304307,:Confeitaria Colombo,:Rio de Janeiro,:Rua Gon°_alves Dias, 32, Centro, Rio de Janeiro",:Centro,",:Desserts, Cafe",:100,:4.8,:Excellent,:29
17293897,:Ike & Jane,:Athens,:1307 Prince Ave, Athens, GA 30606",:Athens,,:Sandwich,:10,:4.1,:Very Good,:350
17501268,:Zen Japanese Steakhouse and Sushi Bar,:Macon,:4086 Watson Blvd, Warner Robins, GA 31093",:Warner Robins,",:Japanese, Steak, Sushi",:40,:4.1,:Very Good,:314
17330311,:Meritage,:Columbus,:1039 1st Ave, Columbus, GA 31901",:Columbus,",:American, Tapas",:40,:4.1,:Very Good,:302
17316802,:BlackStone,:Cedar Rapids/Iowa City,:503 Westbury Dr Ste 1, Iowa City, IA 52245",:Iowa City,",:American, Breakfast",:25,:4.1,:Very Good,:294
17616590,:Henry's,:Savannah,:28 Drayton St, Savannah, GA 31401",:Savannah,",:American, Breakfast",:10,:4.1,:Very Good,:287
17334398,:Home Plate Grill,:Dalton,:7807 Nashville St, Ringgold, GA 30736",:Ringgold,",:American, BBQ, Southern",:10,:4.2,:Very Good,:112
17295115,:Pho Bac,:Augusta,:4300 Towne Centre, Evans, GA 30809",:Evans,,:Vietnamese,:10,:4.1,:Very Good,:270
17334034,:Thai Garden,:Dalton,:685 Battlefield Pkwy, Fort Oglethorpe, GA 30742",:Fort Oglethorpe,,:Thai,:25,:4.2,:Very Good,:111
6701257,:Meats,:S°úo Paulo,:Rua dos Pinheiros, 320, Pinheiros, S°úo Paulo",:Pinheiros,",:Gourmet Fast Food, Burger",:120,:4.3,:Very Good,:68
17334763,:Exotic Thai Restaurant,:Davenport,:2303 E 53rd St, Davenport, IA 52807",:Davenport,,:Thai,:25,:4.1,:Very Good,:256
17375060,:Hawg Wild BBQ & Catfish House,:Gainesville,:515 Grant Street, Clarkesville, GA 30523",:Clarkesville,",:BBQ, Burger, Seafood",:10,:4.1,:Very Good,:235
6713413,:Les 3 Brasseurs,:S°úo Paulo,:Rua Jesu°_no Arruda, 470, Itaim Bibi, S°úo Paulo",:Itaim Bibi,",:French, Brazilian, Beverages",:120,:4.6,:Excellent,:30
17259166,:Tsing Tsao South,:Des Moines,:4230 Fleur Dr, Des Moines, IA 50321",:Greater South Side,,:Chinese,:10,:4.1,:Very Good,:218
7301215,:Bibi,:Rio de Janeiro,:Rua Santa Clara, 36, Copabana, Rio de Janeiro",:Copacabana,",:Juices, Healthy Food",:60,:4.7,:Excellent,:24
17330309,:Mellow Mushroom,:Columbus,:6100 Veterans Pkwy, Columbus, GA 31909",:Columbus,,:Pizza,:25,:4.1,:Very Good,:192
17315995,:El Super Burrito,:Cedar Rapids/Iowa City,:3300 Johnson Ave NW, Cedar Rapids, IA 52405",:Cedar Rapids,,:Mexican,:10,:4.1,:Very Good,:190
7300704,:TT Burger,:Rio de Janeiro,:Galeria River, Rua Francisco Otaviano, 67, Copacabana, Rio de Janeiro",":Galeria River, Copacabana",,:Burger,:60,:4.8,:Excellent,:19
17375180,:Moonie's Texas Barbecue,:Gainesville,:5545 Atlanta Highway, Flowery Branch, GA 30542",:Flowery Branch,",:BBQ, Sandwich",:10,:4.1,:Very Good,:182
17501143,:El Jalisciense Mexican Restaurant,:Macon,:1224 Russell Pkwy, Warner Robins, GA 31088",:Warner Robins,,:Mexican,:10,:4.1,:Very Good,:181
7300004,:Sushi Leblon,:Rio de Janeiro,:Rua Dias Ferreira, 256, Leblon, Rio de Janeiro",:Leblon,,:Japanese,:250,:4.6,:Excellent,:25
6705858,:Terra°_o It°ália,:S°úo Paulo,:Edif°_cio It°ália - 41?? Andar, Avenida Ipiranga, 344, Rep°_blica, S°úo Paulo",:Rep°_blica,,:Italian,:400,:4.4,:Very Good,:37
17375077,:Shenanigan's Irish Pub,:Gainesville,:87 N. Chestatee St., Dahlonega, GA 30533",:Dahlonega,",:Bar Food, Seafood, Vegetarian",:25,:4.1,:Very Good,:171
7300596,:Cervantes,:Rio de Janeiro,:Avenida Prado Junior, 335 B, Copacabana, Rio de Janeiro",:Copacabana,",:Beverages, Bar Food, Fast Food",:90,:4.5,:Excellent,:29
7302859,:Aconchego Carioca,:Rio de Janeiro,:Rua Bar°úo de Iguatemi, 379, Tijuca, Rio de Janeiro",:Tijuca,",:Brazilian, Bar Food",:85,:4.6,:Excellent,:24
17316278,:Exotic India,:Cedar Rapids/Iowa City,:102 2nd Ave, Coralville, IA 52241",:Coralville,,:Indian,:25,:4.1,:Very Good,:160
17334846,:Los Agaves,:Davenport,:3852 N Brady St, Davenport, IA 52806",:Davenport,,:Mexican,:25,:4.1,:Very Good,:157
6706211,:Paribar,:S°úo Paulo,:Pra°_a Dom Jos°? Gaspar, 42, Rep°_blica, S°úo Paulo 10000",:Rep°_blica,",:Brazilian, Italian",:150,:4.3,:Very Good,:46
17334219,:Pie Slingers Pizzeria,:Dalton,:56A Fieldstone Village Drive, Rock Spring, GA 30739",:Rock Spring,",:Italian, Pizza",:10,:4.1,:Very Good,:144
7300521,:Balada Mix,:Rio de Janeiro,:Rua An°_bal de Mendon°_a, 37, Ipanema, Rio de Janeiro",:Ipanema,",:Brazilian, Healthy Food, Juices, Pizza",:90,:4.6,:Excellent,:21
7300483,:Zaz°á Bistr°Ä Tropical,:Rio de Janeiro,:Rua Joana Ang°?lica, 40, Ipanema, Rio de Janeiro",:Ipanema,,:Brazilian,:170,:4.6,:Excellent,:21
17334197,:Five Guys Burgers and Fries,:Dalton,:1303 W. Walnut Ave., Dalton, GA 30720",:Dalton,,:Fast Food,:10,:4.1,:Very Good,:142
17334082,:Bailey's Bar-B-Que,:Dalton,:5540 Highway 41, Ringgold, GA 30736",:Ringgold,,:BBQ,:10,:4.1,:Very Good,:128
6702159,:A Figueira Rubaiyat,:S°úo Paulo,:Rua Haddock Lobo, 1738, Cerqueira C°?sar, Jardim Paulista, S°úo Paulo 10000",:Jardim Paulista,",:BBQ, Grill, Brazilian",:300,:4.3,:Very Good,:39
17333836,:Filling Station,:Dalton,:316 N Hamilton St, Dalton, GA 30720",:Dalton,",:American, Burger",:10,:4.1,:Very Good,:122
17334965,:Trattoria Tiramisu,:Davenport,:1804 State St, Bettendorf, IA 52722",:Bettendorf,,:Italian,:25,:4.1,:Very Good,:117
17333882,:Los Pablos,:Dalton,:1513 W Walnut Ave Ste 6, Dalton, GA 30720",:Dalton,,:Mexican,:10,:4.1,:Very Good,:114
17334853,:Machine Shed Restaurant,:Davenport,:7250 Northwest Blvd, Davenport, IA 52806",:Davenport,,:American,:25,:4.1,:Very Good,:100
6709580,:Esquina Mocot°_,:S°úo Paulo,:Avenida Nossa Senhora do Loreto, 1104, Vila Medeiros, Vila Maria, S°úo Paulo",:Vila Maria,",:Brazilian, North Eastern",:100,:4.4,:Very Good,:22
6601602,:Taco Pep,:Bras°_lia,:Vila Malls, Avenida das Castanheiras, Lote 1060, °?guas Claras, Bras°_lia",:°Åguas Claras,",:Mexican, Grill",:100,:4.3,:Very Good,:29
6704326,:Templo da Carne - Marcos Bassi,:S°úo Paulo,:Rua Treze de Maio, 668, Bela Vista, S°úo Paulo 01327000",":Bela Vista, Centro",",:Steak, BBQ",:250,:4.4,:Very Good,:17
18484423,:Al'frank Cookies,:Singapore,:2 Haji Lane 189205,":Haji Lane, Rochor",,:Bakery,:20,:4.2,:Very Good,:29
16612028,:The Belle General,:East Ballina,:12 Shelly Beach Rd, East Ballina, NSW",:East Ballina,,:Cafe,:20,:4.1,:Very Good,:56
7300868,:Talho Capixaba,:Rio de Janeiro,:Avenida Ataulfo de Paiva, 1022, Lojas A e B, Leblon, Rio de Janeiro",:Leblon,",:Bakery, Sandwich, Brazilian",:120,:4.4,:Very Good,:13
17580020,:The Fish House,:Pensacola,:600 S Barracks St, Pensacola, FL 32502",:Pensacola,",:American, Seafood, Sushi",:40,:4,:Very Good,:1270
7301064,:Fil°? de Ouro,:Rio de Janeiro,:Rua Jardim Bot°õnico, 731, Jardim Bot°õnico, Lagoa, Rio de Janeiro",:Lagoa,,:Brazilian,:90,:4.3,:Very Good,:14
16612550,:5 Little Pigs,:Huskisson,:64 Owen St, Huskisson, NSW",:Huskisson,",:Breakfast, Modern Australian",:20,:4.1,:Very Good,:40
17616400,:Rocks on the River,:Savannah,:102 West Bay St., Savannah, GA 31401",:Savannah,",:Pizza, Seafood, Steak",:70,:4,:Very Good,:687
18483714,:Fratini La Trattoria,:Singapore,:10 Greenwood Avenue, Hillcrest Park 289201",":Hillcrest, Bukit Timah",,:Italian,:100,:4.1,:Very Good,:35
6601589,:Coco Bambu,:Bras°_lia,:Bras°_lia Shopping - Piso 2, SCN 5, Bloco A, Asa Norte, Bras°_lia",":Bras°_lia Shopping, Asa Norte",,:International,:230,:4.2,:Very Good,:17
17211719,:Blue Point Grill,:Princeton,:258 Nassau St, Princeton, NJ 08542",:Princeton,,:Seafood,:70,:4,:Very Good,:542
17144732,:Eggs 'n Things,:Rest of Hawaii,:343 Saratoga Road, Honolulu, HI 96815",:Waikiki,,:Breakfast,:10,:4,:Very Good,:535
6300781,:Buffet 101,:Pasay City,:Building K, SM By The Bay, Sunset Boulevard, Mall of Asia Complex (MOA), Pasay City",":SM by the Bay, Mall of Asia Complex, Pasay City",",:Asian, European",:2000,:4,:Very Good,:520
17294623,:Rhinehart's Oyster Bar,:Augusta,:3051 Washington Rd, Augusta, GA 30907",:Augusta,",:Bar Food, Sandwich, Seafood",:25,:4,:Very Good,:456
17304726,:Tucanos,:Boise,:1388 S Entertainment Ave, Boise, ID 83709",:Boise,,:Brazilian,:40,:4,:Very Good,:435
7301700,:Garota de Ipanema,:Rio de Janeiro,:Avenida Jo°úo Alves, 56, Urca, Rio de Janeiro",:Urca,",:Brazilian, Bar Food",:80,:4.3,:Very Good,:10
17258522,:HuHot Mongolian Grill,:Des Moines,:4100 University Avenue, West Des Moines, IA 50266",:Clive,",:Asian, Chinese",:25,:4,:Very Good,:411
17294565,:Nacho Mamas Burritos,:Augusta,:976 Broad St, Augusta, GA 30901",:Augusta,,:Mexican,:10,:4,:Very Good,:380
17316416,:Devotay,:Cedar Rapids/Iowa City,:117 N Linn St, Iowa City, IA 52245",:Iowa City,",:Mediterranean, Tapas, Vegetarian",:40,:4,:Very Good,:380
17304486,:Texas Roadhouse,:Boise,:3801 E Fairview Avenue, Meridian, Boise, ID 83642",:Meridian,",:American, BBQ, Steak",:25,:4,:Very Good,:369
17295033,:The Chop House,:Augusta,:Augusta Mall, Augusta, GA 30909",:Augusta,,:Steak,:40,:4,:Very Good,:360
17293186,:DePalma's Italian Cafe - Downtown,:Athens,:401 E Broad St, Athens, GA 30601",:Athens,",:American, Italian, Pizza",:25,:4,:Very Good,:353
17330137,:Country's Barbecue,:Columbus,:3137 Mercury Dr, Columbus, GA 31906",:Columbus,",:BBQ, Southern",:25,:4,:Very Good,:353
17303787,:Mai Thai Restaurant,:Boise,:750 W Idaho St, Boise, ID 83702",:Boise,",:Sushi, Thai",:40,:4,:Very Good,:340
17330087,:Chef Lee's Peking Restaurant,:Columbus,:6100 Bradley Park Dr, Columbus, GA 31904",:Columbus,,:Chinese,:25,:4,:Very Good,:335
17294836,:Rhinehart's Oyster Bar,:Augusta,:303 North Bel Air Rd, Evans, GA 30809",:Evans,",:Burger, Seafood",:25,:4,:Very Good,:326
17501292,:Greek Village,:Macon,:1801 Watson Blvd, Warner Robins, GA 31093",:Warner Robins,",:American, Greek, Seafood",:25,:4,:Very Good,:316
17621746,:Diamond Thai Cuisine,:Sioux City,:515 W 7th St, Sioux City, IA 51103",:Sioux City,",:Asian, Thai, Vegetarian",:10,:4,:Very Good,:303
17621755,:El Fredo Pizza,:Sioux City,:523 W 19th St, Sioux City, IA 51103",:Sioux City,,:Pizza,:40,:4,:Very Good,:280
17621946,:Trattoria Fresco,:Sioux City,:416 Jackson St., Sioux City, IA 51101",:Sioux City,,:Italian,:25,:4,:Very Good,:271
17330628,:Wood Stone,:Columbus,:5739 Whitesville Rd, Columbus, GA 31904",:Columbus,",:Italian, Mediterranean, Pizza",:40,:4,:Very Good,:264
7300612,:Amir,:Rio de Janeiro,:Rua Ronald de Carvalho, 55, Copacabana, Rio de Janeiro",:Copacabana,,:Lebanese,:170,:4.2,:Very Good,:11
17501301,:Thai Pepper,:Macon,:1806 Russell Parkway, Warner Robins, GA 31088",:Warner Robins,",:Japanese, Sushi, Thai",:10,:4,:Very Good,:232
17295069,:The Taj of India,:Augusta,:502 Furys Ferry Rd, Augusta, GA 30907",:Augusta,,:Indian,:25,:4,:Very Good,:227
17259335,:Bandit Burrito,:Des Moines,:5340 Merle Hay Road, Johnston, IA 50131",:Johnston,",:Breakfast, Mexican, Southwestern",:10,:4,:Very Good,:214
17334782,:Granite City Food & Brewery,:Davenport,:5270 Utica Ridge Rd, Davenport, IA 52807",:Davenport,,:American,:25,:4,:Very Good,:199
17500695,:Downtown Grill,:Macon,:562 Mulberry St, Macon, GA 31201",:Macon,,:Steak,:70,:4,:Very Good,:195
17330155,:Deorio's,:Columbus,:3201 Macon Rd Ste 167, Columbus, GA 31906",:Columbus,",:Italian, Pizza",:0,:4,:Very Good,:170
17375104,:The Nacoochee Village Tavern & Pizzeria,:Gainesville,:7275 S Main St., Helen, GA 30545",:Helen,",:Italian, Pizza, Sandwich",:10,:4,:Very Good,:161
7302140,:Shirley,:Rio de Janeiro,:Rua Gustavo Sampaio, 610, Leme, Rio de Janeiro",:Leme,",:Brazilian, Seafood",:250,:4.2,:Very Good,:8
6702797,:Jiquitaia,:S°úo Paulo,:Rua Ant°Änio Carlos, 268, Consola°_°úo, S°úo Paulo",:Consola°_°úo,,:Brazilian,:100,:4.1,:Very Good,:15
17259550,:Mi Patria,:Des Moines,:1410 22nd St., West Des Moines, IA 50266",:West Des Moines,,:Latin American,:25,:4,:Very Good,:157
7302637,:Leme Light,:Rio de Janeiro,:Rua Gustavo Sampaio, 798, Leme, Rio de Janeiro",:Leme,,:Brazilian,:40,:4.2,:Very Good,:7
6600083,:Villa Tevere,:Bras°_lia,:CLS 115, Bloco A, Loja 2, Asa Sul, Bras°_lia",:Asa Sul,,:Italian,:150,:4.1,:Very Good,:12
17334718,:China Cafe,:Davenport,:3018 E 53rd St, Davenport, IA 52807",:Davenport,,:Chinese,:25,:4,:Very Good,:112
6713772,:Sainte Marie Gastronomia,:S°úo Paulo,:Rua Dom Jo°úo Batista da Costa, 70, Vila S°Änia, S°úo Paulo",:Vila S°Änia,",:Lebanese, Arabian",:120,:4.1,:Very Good,:11
17335219,:Jimmy's Pancake House,:Davenport,:2521 - 18th St., Bettendorf, IA 52722",:Bettendorf,",:American, Breakfast, Greek",:10,:4,:Very Good,:85
18182702,:Nonna's Pasta & Pizzeria,:Santa Rosa,:Ground Floor, Building G, Solenad 3, Nuvali, Don Jose, Santa Rosa",":Solenad 3, Don Jose, Santa Rosa",",:Italian, Pizza",:850,:4,:Very Good,:72
18484349,:Cut By Wolfgang Puck,:Singapore,:2 Bayfront Avenue, B1-71 Marina Bay Sands 018972",":Bayfront Subzone, Downtown Core",",:American, Steak",:270,:4,:Very Good,:33
6601595,:Outback Steakhouse,:Bras°_lia,:ParkShopping - Piso 2, SAI/SO, °Årea 6580, Guar°á I, Bras°_lia",":ParkShopping, Guar°á I",",:American, Grill",:150,:4,:Very Good,:10
7303219,:Pesqueiro Eco Gourmet,:Rio de Janeiro,:Praia da Barra da Tijuca, Avenida L°_cio Costa, Ilha 25, Barra da Tijuca, Rio de Janeiro",:Barra da Tijuca,",:Seafood, Bar Food, Brazilian",:140,:4,:Very Good,:7
7304312,:D.O.C Ristorante,:Rio de Janeiro,:Le Monde, Bloco 3, Lojas A/B, Avenida das Am°?ricas, 3500, Barra da Tijuca, Rio de Janeiro",":Le Monde, Barra da Tijuca",,:Italian,:150,:4,:Very Good,:5
6714340,:Red Steak & Burger,:S°úo Paulo,:Rua Tabapu°ú, 1417, Itaim Bibi, S°úo Paulo",:Itaim Bibi,",:Brazilian, Grill",:75,:3.9,:Good,:5
6711666,:Kinoshita,:S°úo Paulo,:Rua Jacques F°?lix, 405, Vila Nova Concei°_°úo, Moema, S°úo Paulo",:Moema,,:Sushi,:230,:3.9,:Good,:12
6601218,:New Koto,:Bras°_lia,:SCS 212, Bloco B, Loja 26, Asa Sul, Bras°_lia",:Asa Sul,,:Japanese,:200,:3.7,:Good,:5
6601005,:Caf°? Daniel Briand,:Bras°_lia,:SCLN 104, Bloco A, Loja 26, Asa Norte, Bras°_lia",:Asa Norte,,:Cafe,:30,:3.8,:Good,:9
6601862,:Tayp°á,:Bras°_lia,:Fashion Park, Shis Ql 17, Bloco G, Loja 208, Lago Sul, Bras°_lia",:Lago Sul,",:Peruvian, Latin American",:100,:3.6,:Good,:5
6600441,:Maori,:Bras°_lia,:CLN 110, Bloco D, Loja 28, Asa Norte, Bras°_lia",:Asa Norte,,:Brazilian,:60,:3.8,:Good,:11
6600214,:Beirute,:Bras°_lia,:CLS 109, Bloco A, Loja 2/6, Asa Sul, Bras°_lia",:Asa Sul,,:Arabian,:90,:3.7,:Good,:8
18483085,:Rhubarb Le Restaurant,:Singapore,:3 Duxton Hill, Duxton 089589",":Duxton Hill, Outram",,:French,:315,:3.9,:Good,:33
18483051,:Summer Pavilion,:Singapore,:The Ritz-Carlton, 7 Raffles Avenue,  Millenia Singapore,  039799",":Marina Centre, Downtown Core",",:Chinese, Seafood, Cantonese, Dim Sum",:300,:3.9,:Good,:34
18483446,:Bitters & Love,:Singapore,:18 Telok Ayer Street 068587,":Telok Ayer Street, Outram",,:Finger Food,:40,:3.9,:Good,:35
6600292,:Casa do Biscoito Mineiro,:Bras°_lia,:SCLN 210, Bloco D, Loja 36/48, Asa Norte, Bras°_lia",:Asa Norte,,:Bakery,:45,:3.7,:Good,:11
6601361,:Buena Carne,:Bras°_lia,:Avenida Arauc°árias, 1325, Loja 19, °Åguas Claras, Bras°_lia",:°Åguas Claras,",:Bar Food, Brazilian",:60,:3.6,:Good,:9
6601457,:Brazilian American Burgers,:Bras°_lia,:CLSN 301, Bloco C, Loja 86, Sudoeste, Bras°_lia",:Sudoeste,",:American, Burger",:50,:3.6,:Good,:9
7305048,:Quiosque Chopp Brahma,:Rio de Janeiro,:Madureira Shopping - Loja 289/290, Piso 2, Estrada do Portela, 222, Madureira, Rio de Janeiro, RJ",:Madureira,",:Bar Food, Brazilian",:70,:0,:Not rated,:1
18491935,:Nosh Mahal,:Pocatello,:303 E Alameda Road, ID 83201",:Pocatello,",:Indian, Persian",:25,:0,:Not rated,:1
6700846,:Kawa Sushi,:S°úo Paulo,:Alameda Lorena, 300, Jardim Paulista, S°úo Paulo",:Jardim Paulista,",:Sushi, Japanese",:120,:3.5,:Good,:9
6711179,:Gopala Hari,:S°úo Paulo,:Rua Antonio Carlos, 429, Consola°_°úo, S°úo Paulo",:Consola°_°úo,,:Indian,:70,:3.1,:Average,:5
6601158,:Manzu°á,:Bras°_lia,:Pont°úo Lago Sul, SHIS 10, Lote 9, Lago Sul, Bras°_lia",":Pont°úo Lago Sul, Lago Sul",,:Seafood,:240,:3.2,:Average,:6
18483082,:Artistry,:Singapore,:7 Jalan Pinang 199149,":Sungai Pinang, Rochor",",:American, Bakery, European, Burger, Fusion",:50,:3.8,:Good,:28
17334355,:Sierra's Mexican Restaurant,:Dalton,:500 S. 3rd Avenue, Chatsworth, GA 30705",:Chatsworth,",:Mexican, Tex-Mex",:10,:3.9,:Good,:66
18484464,:Colony,:Singapore,:7 Raffles Avenue, Ritz-carlton Millenia Singapore 039799",":Marina Centre, Downtown Core",",:Asian, Continental, Seafood",:220,:3.8,:Good,:30
18366580,:Sakura Sushi & Grill,:Cochrane,:130 Quarry Street, Unit 20, Cochrane, AB T4C 0W5",:Cochrane,",:Asian, Japanese",:25,:3.1,:Average,:6
6600116,:Gero,:Bras°_lia,:Shopping Iguatemi - piso 1, SHIN CA 4, Lote A, Lago Norte, Bras°_lia",":Shopping Iguatemi, Lago Norte",,:Italian,:350,:3.3,:Average,:8
18496057,:Restaurant Andre,:Singapore,:1 Bukit Pasoh Road 089855,":Cantonment Road, Outram",",:French, Mediterranean, European",:500,:3.8,:Good,:33
6600681,:Chez Michou,:Bras°_lia,:SCLN, 208, Bloco A, Loja 30, Asa Norte, Bras°_lia",:Asa Norte,",:Fast Food, French",:55,:3,:Average,:6
16643459,:Consort Restaurant,:Consort,:4931 50th Street, Consort, AB T0C 1B0",:Consort,",:Chinese, Canadian",:25,:3,:Average,:6
18483222,:Jaan,:Singapore,:2 Stamford Road, Level 70 Equinox Complex 178882",":City Hall, Downtown Core",,:French,:430,:3.8,:Good,:35
17629582,:Barrett Junction Cafe,:Potrero,:1020 Barrett Lake Rd, Dulzura, CA 91917",:Potrero,",:American, BBQ, Burger",:25,:3.3,:Average,:9
16611498,:Stillwater on Belmore,:Lorn,:27 Belmore Rd,, Lorn, NSW",:Lorn,",:Breakfast, Coffee and Tea",:20,:3.6,:Good,:18
17334414,:Southern Bliss Bakery,:Dalton,:300 W Patton St., Lafayette, GA 30728",:LaFayette,",:Desserts, Sandwich",:10,:3.7,:Good,:25
16607969,:Bespoke Harvest,:Forrest,:16 Grant St, Forrest, VIC",:Forrest,",:Cafe, Australian",:20,:3.7,:Good,:29
6601515,:Rovereto,:Bras°_lia,:Rua 13 Norte, Lote 4, °Åguas Claras, Bras°_lia",:°Åguas Claras,,:Pizza,:100,:3.1,:Average,:9
6600060,:Sandubas Caf°?,:Bras°_lia,:Edif°_cio Jos°? Severo, SCS 6, Bloco A, Loja 99, Asa Sul, Bras°_lia",:Asa Sul,",:Brazilian, Cafe",:30,:0,:Not rated,:2
6701419,:Divino Fog°úo,:S°úo Paulo,:Shopping Metr°Ä Santa Cruz - Piso L2, Rua Domingos de Morais, 2564, Vila Mariana, S°úo Paulo",":Shopping Metr°Ä Santa Cruz, Vila Mariana",",:Brazilian, Mineira",:65,:0,:Not rated,:2
6703956,:Super Grill,:S°úo Paulo,:Shopping Morumbi - Piso Lazer, Avenida Roque Petroni J°_nior, 1089, Santo Amaro, S°úo Paulo",":Shopping Morumbi, Santo Amaro",,:Brazilian,:50,:0,:Not rated,:2
18453427,:Frick's Tap,:Davenport,:1402 W 3rd Street, IA 52802",:Davenport,",:American, Bar Food, BBQ",:25,:0,:Not rated,:2
17334717,:Chick-fil-A,:Davenport,:320 W Kimberly Rd, Davenport, IA 52806",:Davenport,,:Fast Food,:10,:3.9,:Good,:125
6600970,:Pizza °ë Bessa,:Bras°_lia,:SCS 214, Bloco C, Loja 40, Asa Sul, Bras°_lia",:Asa Sul,,:Pizza,:50,:3.2,:Average,:11
6600379,:Sushi Loko,:Bras°_lia,:SCS 213, Bloco C, Loja 35, Asa Sul, Bras°_lia",:Asa Sul,,:Japanese,:80,:3.1,:Average,:10
18483224,:Chye Seng Huat Hardware,:Singapore,:50 Tyrwhitt Road 207563,":Lavender, Kallang",,:Cafe,:40,:3.7,:Good,:33
17335225,:Crust Stone Oven Pizza,:Davenport,:2561 E 53rd Ave, Bettendorf, IA 52722",:Bettendorf,",:Burger, Pizza",:25,:3.9,:Good,:136
17374951,:Hofer's Bakery & Cafe,:Gainesville,:8758 N Main St, Helen, GA 30545",:Helen,",:German, Ice Cream",:10,:3.9,:Good,:136
17284409,:Guang Zhou Chinese Restaurant,:Albany,:1214 N Westover Blvd, Albany, GA 31707",:Albany,",:Asian, Chinese, Vegetarian",:10,:3.9,:Good,:141
17501291,:Emilio's Cuban Cafe,:Macon,:402 Ga. Highway 247, Bonaire, GA 31005",:Bonaire,",:Coffee and Tea, Cuban, Latin American",:25,:3.9,:Good,:146
17334434,:Thatcher's Barbeque and Grill,:Dalton,:1214 N Wall St, Calhoun, GA 30701",:Calhoun,",:American, BBQ, Southern",:25,:3.7,:Good,:38
17621796,:Johnnie Mars,:Sioux City,:2401 5th St, Sioux City, IA 51101",:Sioux City,",:American, Desserts, Diner",:10,:3.9,:Good,:161
17333797,:Chili's Grill & Bar,:Dalton,:881 College Dr, Dalton, GA 30720",:Dalton,,:American,:25,:3.8,:Good,:63
18185059,:Cafe Arabelle,:Santa Rosa,:Ayala Mall, Solenad, Nuvali, Santa Rosa - Tagaytay Road, Don Jose, Santa Rosa",":Nuvali, Don Jose, Santa Rosa",",:Cafe, American, Italian, Filipino",:800,:3.6,:Good,:29
16615894,:The Giggling Goat,:Dicky Beach,:14 Beerburrum St, Dicky Beach, QLD",:Dicky Beach,",:Coffee and Tea, Tea, Modern Australian",:7,:3.6,:Good,:29
16608483,:DiVine,:Penola,:39 Church St, Penola, SA",:Penola,",:Cafe, Coffee and Tea, Sandwich",:20,:3.4,:Average,:19
17534788,:The Artesian Restaurant,:Ojo Caliente,:Ojo Caliente Mineral Springs Resort And Spa 50 Los Banos Rd, Ojo Caliente, NM 87549",:Ojo Caliente,",:American, International, Southwestern",:40,:3.6,:Good,:30
17284364,:3 Squares Diner,:Albany,:202 W Franklin St, Sylvester, GA 31791",:Sylvester,",:American, Breakfast, Diner",:10,:3.4,:Average,:20
16611114,:Whitebull Hotel,:Armidale,:117 Marsh St, Armidale, NSW",:Armidale,",:Bar Food, Steak",:20,:3.5,:Good,:25
16611701,:Star Buffet,:Mayfield,:58 Hanbury St, Mayfield, NSW",:Mayfield,,:Asian,:20,:2.9,:Average,:11
17295215,:Farmhaus Burger,:Augusta,:1204 Broad St, Augusta, GA 30901",:Augusta,",:American, Burger",:25,:3.9,:Good,:201
17793744,:Los Agaves,:Davenport,:4882 Utica Ridge Rd, Davenport, IA 52807",:Davenport,,:Mexican,:25,:0,:Not rated,:3
17142747,:Lulu's Waikiki,:Rest of Hawaii,:2586 Kalakaua Ave, Honolulu, HI 96815",:Waikiki,,:American,:25,:3.9,:Good,:232
17334273,:Las Palmas,:Dalton,:1331 W Walnut Ave, Dalton, GA 30720",:Dalton,,:Mexican,:10,:3.8,:Good,:83
17621960,:Tokyo Japanese Steakhouse & Sushi Bar,:Sioux City,:4567 Southern Hills Drive, Sioux City, IA 51106",:Sioux City,",:Japanese, Steak, Sushi",:40,:3.9,:Good,:239
17330185,:Fuji Japanese Steak House,:Columbus,:6499 Veterans Pkwy, Columbus, GA 31909",:Columbus,",:Japanese, Steak",:40,:3.9,:Good,:247
17375164,:Bourbon Street Grille,:Gainesville,:90 Public Sq N, Dahlonega, GA 30533",:Dahlonega,",:American, Burger, Cajun",:25,:3.8,:Good,:88
17375074,:Smoke House BBQ and Catering,:Gainesville,:3205 Atlanta Hwy, Atlanta Highway, Gainesville, GA, Gainesville, GA 30507",:Gainesville,,:BBQ,:25,:3.8,:Good,:89
17842104,:Mr.,:Macedon,:23 Victoria St, Macedon, VIC",:Macedon,,:Cafe,:20,:3.5,:Good,:31
16604896,:La Trattoria of Lavandula,:Hepburn Springs,:350 Hepburn-Newstead Road, Hepburn Springs, VIC",:Hepburn Springs,",:Italian, Fusion, Cafe",:7,:3.8,:Good,:93
17284397,:Elements Coffee Co - Northwest,:Albany,:2726 Ledo Rd Ste 10, Albany, GA 31707",:Albany,",:Coffee and Tea, Sandwich",:10,:3.4,:Average,:26
17557488,:Burger Queen Drive In,:Lakeview,:109 S F St, Lakeview, OR 97630",:Lakeview,",:Burger, Desserts, Sandwich",:10,:3.6,:Good,:41
16605794,:Funkey Monkey,:Lakes Entrance,:26 Myer street, Lakes Entrance, VIC",:Lakes Entrance,",:Breakfast, Coffee and Tea",:7,:3.8,:Good,:97
17294261,:Augsburg Haus,:Augusta,:4460 Washington Road, Evans, GA 30809",:Evans,,:German,:25,:3.9,:Good,:290
16608864,:Taste of Balingup,:Balingup,:63 South Western Hwy, Balingup, WA",:Balingup,,:Modern Australian,:20,:3.2,:Average,:21
17335195,::Red Ginger Sushi,:rill & Bar",:avenport,":793 Middle Rd, Bettendorf, IA 52722",,:Bettendorf,":0,:0,:40,:4
17058534,:Earl of Sandwich,:Orlando,:1750 E Buena Vista Drive, Lake Buena Vista, FL 32830",:Disney,: Downtown Disney,":0,:0,:35,:4
17375141,:Fish Tales Lakeside Grille,:Gainesville,:6330 Mitchell Street, Flowery Branch, GA 30542",:Flowery Branch,,:Seafood,:25,:3.8,:Good,:107
17330074,:Cannon Brewpub,:Columbus,:1041 Broadway, Columbus, GA 31901",:Columbus,",:Pizza, Bar Food",:25,:3.9,:Good,:330
17284203,:BJ's Country Buffet,:Albany,:2401 Dawson Rd, Albany, GA 31707",:Albany,",:American, BBQ",:10,:3.3,:Average,:25
16613507,:Flaxton Gardens,:Flaxton,:313 Flaxton Drive, Flaxton, QLD",:Flaxton,",:Tea, Modern Australian",:30,:3.5,:Good,:37
17342576,:Kalmes Breaktime Bar & Grill,:Dubuque,:1097 Jackson St, Dubuque, IA 52001",:Dubuque,",:American, Burger",:25,:3.6,:Good,:48
17375214,:Bodensee,:Gainesville,:64 Munich Strasse, Helen, GA 30545",:Helen,,:German,:40,:3.8,:Good,:114
17294300,:Boll Weevil Cafe,:Augusta,:10 9th St, Augusta, GA 30901",:Augusta,",:Desserts, Sandwich, Southern",:10,:3.9,:Good,:372
17102579,:Edison: Food+Drink Lab,:Tampa Bay,:912 W Kennedy Blvd, Tampa, FL 33606",:Hyde Park,,:International,:70,:3.9,:Good,:373
17303545,:Chandlers Steakhouse,:Boise,:981 W Grove St, Boise, ID 83702",:Boise,",:American, Seafood, Steak",:70,:3.9,:Good,:379
17342816,:Burnt Toast Cafe,:Dubuque,:1220 Iowa St, Dubuque, IA 52001",:Dubuque,,:Breakfast,:10,:3.4,:Average,:33
17621781,:Hunan Palace,:Sioux City,:3523 Singing Hills Blvd, Sioux City, IA 51106",:Sioux City,,:Chinese,:25,:3.8,:Good,:129
17293163,:Choo Choo Eastside,:Athens,:1055 Gaines School Rd Ste 100, Athens, GA 30605",:Athens,",:Japanese, Korean",:10,:3.9,:Good,:439
17582551,:Fifth Street Bagelry,:Pocatello,:559 S 5TH Ave, Pocatello, ID 83201",:Pocatello,",:Coffee and Tea, Sandwich",:10,:3.8,:Good,:136
17582664,:Taste of India Nepal,:Pocatello,:330 N Main Street, Pocatello, ID 83204",:Pocatello,",:Indian, International, Vegetarian",:25,:3.8,:Good,:141
17580590,:Jaco's Bayfront Bar and Grille,:Pensacola,:997 South Palafox, Pensacola, FL 32502",:Pensacola,,:Tapas,:25,:3.9,:Good,:502
17342811,:Ichiban Hibachi Steakhouse & Sushi Bar,:Dubuque,:3187 University Ave, Dubuque, IA 52001",:Dubuque,",:Japanese, Steak, Sushi",:40,:3.7,:Good,:83
17536645,:Jehova es Mi Pastor Tacos y Burritos,:Fernley,:135 W. Main Street, Fernley, NV 89408",:Fernley,,:Mexican,:10,:3.7,:Good,:83
17582499,:Royal Hotel,:Pocatello,:11 E Main St, Lava Hot Springs, ID 83246",:Lava Hot Springs,",:Pizza, Bar Food",:0,:3.6,:Good,:59
17334217,:Fuji Japanese Steakhouse,:Dalton,:1321 W Walnut Ave, Dalton, GA 30720",:Dalton,",:Japanese, Sushi",:40,:3.8,:Good,:145
17330024,:B Merrell's,:Columbus,:7600 Veterans Pkwy, Columbus, GA 31909",:Columbus,",:Burger, Bar Food, Southern",:25,:3.8,:Good,:149
17284150,:House of China Restaurant II,:Albany,:2526 Dawson Rd Ste A, Albany, GA 31707",:Albany,,:Chinese,:10,:3.8,:Good,:153
17330755,:Uptown Vietnam cuisine,:Columbus,:1250 Broadway, Columbus, GA 31901",:Columbus,",:Asian, Vietnamese",:10,:3.3,:Average,:33
17342810,:Watershed Cafe,:Dubuque,:51 W 32nd Street, Dubuque, IA 52001",:Dubuque,",:American, Burger, Pizza, Cafe",:25,:3.7,:Good,:89
18485469,:Boufe Boutique Cafe,:Singapore,:308 Tanglin Road,Phoenix Park #01-01  247974",":Kay Siang Road, Tanglin",",:Italian, French, Bakery, Cafe",:50,:3.2,:Average,:29
18255631,:Pier 70,:Paynesville,:70 The Esplanade, Paynesville",:Paynesville,,:Modern Australian,:120,:2.6,:Average,:16
17582558,:Goody's Deli,:Pocatello,:905 S 5th Ave, Pocatello, ID 83201",:Pocatello,",:Pizza, Sandwich",:10,:3.8,:Good,:160
17316389,:Monica's,:Cedar Rapids/Iowa City,:303 2nd Street, Coralville, IA 52241",:Coralville,",:American, Italian, Pizza",:25,:3.8,:Good,:161
18479690,:The Refinery Singapore,:Singapore,:115 King George Avenue, #01-02 Ann Chuan Industrial Building 208561",":Lavender, Kallang",",:American, Japanese, Singaporean",:80,:3.2,:Average,:30
18482938,:Super Loco,:Singapore,:The Quayside60 Roberston Quay #01-13 238252",":Robertson Quay, Singapore River",",:American, Mexican",:95,:3.2,:Average,:30
17284403,:Henry Campbell's Steakhouse,:Albany,:629 N. Westover Blvd, Albany, GA 31707",:Albany,",:Steak, Tapas, Bar Food",:70,:3.5,:Good,:51
17284241,:Shogun Japanese Steak House,:Albany,:629 N Westover Blvd, Albany, GA 31707",:Albany,",:Japanese, Steak, Sushi",:40,:3.5,:Good,:51
17284404,:Austin's BBQ and Oyster Bar,:Albany,:2820 Meredyth Dr, Albany, GA 31707",:Albany,",:BBQ, Burger, Seafood",:25,:3.3,:Average,:35
17102241,:Boca Kitchen Bar Market,:Tampa Bay,:901 W. Platt St., Tampa, FL 33606",:Hyde Park,,:Breakfast,:40,:3.9,:Good,:665
17621793,:Jim's Burgers,:Sioux City,:800 Pierce St, Sioux City, IA 51101",:Sioux City,,:Burger,:10,:3.7,:Good,:97
17316233,:Winifreds,:Cedar Rapids/Iowa City,:3847 1st Ave SE, Cedar Rapids, IA 52402",:Cedar Rapids,",:American, Mediterranean, Seafood",:40,:3.7,:Good,:98
17580408,:Flounders Chowder House,:Pensacola,:800 Quietwater Beach Rd, Pensacola Beach, FL 32561",:Pensacola Beach,,:Seafood,:40,:3.9,:Good,:724
16606299,:Beach Box Cafe,:Inverloch,:6a Ramsay Blvd, Inverloch, VIC",:Inverloch,",:Burger, Coffee and Tea, Modern Australian",:7,:3.7,:Good,:100
17621616,:Archie's Waeside,:Sioux City,:224 4th Ave NE, Le Mars, IA 51031",:Le Mars,",:Burger, Seafood, Steak",:40,:3.7,:Good,:100
16609169,:Three Anchors,:Middleton Beach,:2 Flinders Pde, Middleton Beach, WA",:Middleton Beach,",:Bar Food, Modern Australian",:30,:3.8,:Good,:176
18493989,:Makansutra Gluttons Bay,:Singapore,:803 Raffles Avenue, #01-15 Esplanade Mall 039802",":Marina Centre, Downtown Core",",:Singaporean, Chinese, Seafood, Malay, Indian",:30,:3,:Average,:25
17621788,:Jerry's Pizza,:Sioux City,:1417 Morningside Ave, Sioux City, IA 51106",:Sioux City,,:Pizza,:25,:3.8,:Good,:178
18479742,:I Am,:Singapore,:674 North Bridge Road, #01-01 Haji Lane 188804",":North Bridge Road, Rochor",",:Western, Fusion, Fast Food",:60,:3.2,:Average,:32
17621744,:Da Kao Restaurant,:Sioux City,:800 W 7th St, Sioux City, IA 51103",:Sioux City,",:Asian, Vegetarian, Vietnamese",:10,:3.8,:Good,:182
17342775,:Woodfire Grille,:Dubuque,:301 Bell Street, Dubuque, IA 52001",:Dubuque,",:American, Seafood, Steak",:70,:3.6,:Good,:72
17501201,:My Fathers Place,:Macon,:2507 Moody Rd, Warner Robins, GA 31088",:Warner Robins,,:Italian,:25,:3.7,:Good,:104
17582467,:Rupes Burgers,:Pocatello,:302 NE Main St, Blackfoot, ID 83221",:Blackfoot,",:Burger, Fast Food",:10,:3.7,:Good,:104
18483252,:Artichoke Cafe,:Singapore,:161 Middle Road, Sculpture Square 188978",":Victoria, Rochor",",:Cafe, Spanish, Turkish, Greek",:75,:3.2,:Average,:33
17621869,:Rebos,:Sioux City,:1107 4th St, Sioux City, IA 51101",:Sioux City,",:Caribbean, Mexican, Cajun",:25,:3.8,:Good,:187
17582677,:Outer Limits Fun Zone,:Pocatello,:1800 Garrett Way, Pocatello, ID 83201",:Pocatello,",:Burger, Pizza, Sandwich",:10,:3.5,:Good,:57
16604358,:Blue Bean Love Cafe,:Hepburn Springs,:115 Main Rd, Hepburn Springs, Hepburn Springs, VIC",:Hepburn Springs,",:Cafe, Coffee and Tea, Modern Australian",:20,:3.8,:Good,:192
17284179,:Longhorn Steakhouse,:Albany,:2733 Dawson Rd, Albany, GA 31707",:Albany,",:American, Steak",:25,:3.5,:Good,:58
17621552,:Kahill's Steak-Fish Chophouse,:Sioux City,:385 E 4th St, South Sioux City, IA 68776",:South Sioux City,",:American, Seafood, Steak",:70,:3.5,:Good,:58
17621832,:Milwaukee Wiener House,:Sioux City,:301 Douglas St, Sioux City, IA 51101",:Sioux City,",:American, Fast Food",:10,:3.8,:Good,:195
17621759,:Famous Dave's,:Sioux City,:201 Pierce St, Sioux City, IA 51101",:Sioux City,,:BBQ,:10,:3.6,:Good,:76
17342498,:Catfish Charlie's,:Dubuque,:1630 E 16th St, Dubuque, IA 52001",:Dubuque,,:Seafood,:25,:3.3,:Average,:40
17342770,:L. May Eatery,:Dubuque,:1072 Main St, Dubuque, IA 52001",:Dubuque,",:International, Pizza",:40,:3.8,:Good,:198
17342665,:Sunshine Family Restaurant,:Dubuque,:401 Central Ave, Dubuque, IA 52001",:Dubuque,",:American, Breakfast, Burger",:10,:3.5,:Good,:60
17482142,:Triangle Restaurant,:Mc Millan,:21053 State Hwy M28, Mc Millan, MI 49853",:Mc Millan,",:Breakfast, Burger",:10,:2.4,:Poor,:17
17334254,:Tony's Italian Restaurant & Pizza,:Dalton,:933 Market St, Dalton, GA 30720",:Dalton,,:Italian,:25,:3.7,:Good,:116
17284279,:Villa Gargano,:Albany,:1604 N Slappey Blvd, Albany, GA 31701",:Albany,",:Italian, Pizza",:10,:3.7,:Good,:117
17621834,:Monterrey Mexican Restaurant,:Sioux City,:3138 Singing Hills Blvd, Sioux City, IA 51106",:Sioux City,,:Mexican,:10,:3.7,:Good,:117
17316743,:Graze,:Cedar Rapids/Iowa City,:115 East College St, Iowa City, IA 52240",:Iowa City,",:American, International, Sushi",:40,:3.8,:Good,:220
18482983,:The Lokal,:Singapore,:36 Neil Road 088865,":Neil Road, Outram",",:Singaporean, Australian, German",:60,:3.1,:Average,:33
17621831,:Miles Inn,:Sioux City,:2622 Leech Ave, Sioux City, IA 51106",:Sioux City,,:American,:10,:3.7,:Good,:122
17330397,:Ruth Ann's Family Restaurant,:Columbus,:941 Veterans Parkway, Columbus, GA 31901",:Columbus,",:Breakfast, Diner, Southern",:10,:3.7,:Good,:123
17582625,:Sandpiper Restaurant & Lounge,:Pocatello,:1400 Bench Rd, Pocatello, ID 83201",:Pocatello,",:American, Seafood, Steak",:40,:3.6,:Good,:85
17335189,:Prairie Grille at SteepleGate Inn,:Davenport,:100 W 76th St, Davenport, IA 52806",:Davenport,",:American, Breakfast",:25,:3.4,:Average,:53
18483389,:Potato Head Folk,:Singapore,:6 Keong Saik Road 089143,":Chinatown, Outram",,:American,:80,:3.1,:Average,:34
17284145,:Hong Kong Cafe,:Albany,:2700 Dawson Rd, Albany, GA 31707",:Albany,",:Chinese, Seafood, Vegetarian",:25,:3.6,:Good,:88
17621763,:Fuji Bay Japanese Restaurant,:Sioux City,:513 6th St, Sioux City, IA 51101",:Sioux City,",:Japanese, Sushi",:40,:3.7,:Good,:129
17582498,:Riverwalk Cafe,:Pocatello,:695 E Main St, Lava Hot Springs, ID 83246",:Lava Hot Springs,",:Asian, Thai",:10,:3.6,:Good,:91
17330676,:Wasabi Sushi and Thai,:Columbus,:1639 Bradley Park Dr, Columbus, GA 31904",:Columbus,",:Japanese, Sushi, Thai",:40,:3.7,:Good,:134
17621696,:Bob Roe's Pizza,:Sioux City,:2320 Transit Ave, Sioux City, IA 51106",:Sioux City,",:American, Pizza, Bar Food",:10,:3.6,:Good,:92
17284390,:The Catch Seafood Room & Oyster Bar,:Albany,:2332 Whispering Pines Road, Albany, GA 31707",:Albany,",:Seafood, Tapas, Bar Food",:40,:3.8,:Good,:250
17621780,:HuHot Mongolian Grill,:Sioux City,:4229 S Lakeport St, Sioux City, IA 51106",:Sioux City,",:Asian, Chinese",:25,:3.6,:Good,:94
17342799,:Vinny Vanucchi's,:Dubuque,:180 Main Street, Dubuque, IA 52001",:Dubuque,,:Italian,:25,:3.4,:Average,:58
17342548,:Happy Joe's Pizza & Ice Cream,:Dubuque,:855 Century Dr, Dubuque, IA 52002",:Dubuque,",:Desserts, Pizza, Ice Cream",:0,:3.5,:Good,:74
17621833,:Minerva's Food & Cocktails,:Sioux City,:2945 Hamilton Blvd, Sioux City, IA 51104",:Sioux City,",:American, Seafood, Steak",:40,:3.7,:Good,:146
17284139,:Harvest Moon,:Albany,:2347 Dawson Road, Albany, GA 31707",:Albany,",:Pizza, Bar Food, Sandwich",:25,:3.7,:Good,:147
17582560,:Grecian Key Restaurant,:Pocatello,:314 N Main St, Pocatello, ID 83204",:Pocatello,",:American, Greek",:25,:3.7,:Good,:152
17501247,:Sushi Thai Restaurant,:Macon,:2624 Watson Blvd Ste D, Warner Robins, GA 31093",:Warner Robins,",:Japanese, Sushi, Thai",:10,:3.7,:Good,:153
17582627,:Senor Iguanas,:Pocatello,:961 Hiline Rd, Pocatello, ID 83201",:Pocatello,,:Mexican,:0,:3.6,:Good,:108
17258552,:The Machine Shed Restaurant,:Des Moines,:11151 Hickman Road, Urbandale, IA 50322",:Urbandale,",:American, Breakfast",:25,:3.8,:Good,:308
17330735,:Samurai Japanese Cuisine & Sushi Bar,:Columbus,:1009 Broadway, Columbus, GA 31901",:Columbus,",:Japanese, Steak, Sushi",:40,:3.6,:Good,:109
17582682,:Thai Paradise,:Pocatello,:140 S. Main, Pocatello, ID 83204",:Pocatello,",:Desserts, Thai",:25,:3.7,:Good,:162
17582668,:Texas Roadhouse,:Pocatello,:560 Bullock Street, Pocatello, ID 83202",:Chubbuck,",:American, BBQ, Steak",:45,:3.5,:Good,:83
17501281,:The Mellow Mushroom,:Macon,:710 Lake Joy Road, Warner Robins, GA 31088",:Warner Robins,",:Pizza, Sandwich, Vegetarian",:25,:3.8,:Good,:323
17295028,:Manuel's Bread Cafe,:Augusta,:505 Railroad Ave, North Augusta, GA 29841",:Augusta,",:Breakfast, French",:40,:3.8,:Good,:332
17284197,:Mikata Japanese Steakhouse,:Albany,:2610 Dawson Rd, Albany, GA 31707",:Albany,",:Japanese, Steak, Sushi",:40,:3.6,:Good,:115
17342556,:Houlihan's,:Dubuque,:1795 Greyhound Park Rd, Dubuque, IA 52001",:Dubuque,",:American, Burger",:25,:3.6,:Good,:117
16659169,:Tokyo Sushi,:Chatham-Kent,:150 Richmond St, Chatham-Kent, ON N7M2V2",:Chatham-Kent,",:Japanese, Sushi",:25,:3.7,:Good,:176
17582524,:Butterburrs,:Pocatello,:917 Yellowstone Avenue, Pocatello, ID 83201",:Pocatello,",:American, Breakfast",:30,:3.6,:Good,:121
6700402,:Paris 6 Classique,:S°úo Paulo,:Rua Haddock Lobo, 1240, Cerqueira C°?sar, Jardim Paulista, S°úo Paulo",:Jardim Paulista,,:French,:200,:3.4,:Average,:73
17582527,:Chang Garden,:Pocatello,:1000 Pocatello Creek Rd Ste W2, Pocatello, ID 83201",:Pocatello,,:Chinese,:10,:3.5,:Good,:93
17582670,:Portneuf Valley Brewing,:Pocatello,:615 South 1st Avenue, ID 83201",:Pocatello,",:American, Pizza",:25,:3.7,:Good,:191
17342781,:Tony Roma's,:Dubuque,:350 Bell St, Dubuque, IA 52001",:Dubuque,",:American, BBQ, Seafood",:25,:3.3,:Average,:65
17342652,:Shot Tower Inn,:Dubuque,:290 Locust St, Dubuque, IA 52001",:Dubuque,",:Italian, Pizza",:25,:3.6,:Good,:131
17582700,:Sushi Family,:Pocatello,:415 Yellowstone Ave, Pocatello, ID 83201",:Pocatello,",:Asian, Sushi, Vegetarian",:25,:3.6,:Good,:132
17334752,:Duck City Bistro,:Davenport,:115 E 3rd St, Davenport, IA 52801",:Davenport,",:American, French",:70,:3.7,:Good,:201
17342772,:Champps Americana,:Dubuque,:3100 Dodge St., Dubuque, IA 52003",:Dubuque,",:American, Burger, Sandwich",:25,:3.5,:Good,:100
17342594,:Mario's Italian Restaurant,:Dubuque,:1298 Main St, Dubuque, IA 52001",:Dubuque,",:American, Italian",:25,:3.6,:Good,:140
17582669,:The Bridge,:Pocatello,:815 S 1st Street, Pocatello, ID 83201",:Pocatello,,:New American,:40,:3.6,:Good,:144
17582522,:Buddy's Italian Restaurant,:Pocatello,:626 E Lewis St, Pocatello, ID 83201",:Pocatello,",:Italian, Pizza, Sandwich",:40,:3.7,:Good,:222
17342771,:Fiesta Cancun,:Dubuque,:2515 NW Arterial, Dubuque, IA 52002",:Dubuque,,:Mexican,:10,:3.6,:Good,:156
17501315,:Benson's Steak and Sushi,:Macon,:1289 S Houston Lake Rd, Warner Robins, GA 31088",:Warner Robins,",:American, Chinese, Sushi",:25,:3.7,:Good,:243
17342625,:Pepper Sprout Incorporated,:Dubuque,:378 Main St, Dubuque, IA 52001",:Dubuque,,:American,:40,:3.6,:Good,:159
17342494,:Manna Java World Cafe,:Dubuque,:700 Locust St, Dubuque, IA 52001",:Dubuque,",:Breakfast, Pizza",:10,:3.5,:Good,:119
17616025,:Pirates' House Restaurant,:Savannah,:20 E Broad St, Savannah, GA 31401",:Savannah,",:American, Seafood, Steak",:40,:3.8,:Good,:566
17342585,:Los Aztecas,:Dubuque,:2700 Dodge St, Dubuque, IA 52003",:Dubuque,,:Mexican,:10,:3.5,:Good,:126
17293228,:The Grill,:Athens,:171 College Ave, Athens, GA 30601",:Athens,",:Breakfast, Burger, Sandwich",:10,:3.7,:Good,:289
17580412,:Carrabba's Italian Grill,:Pensacola,:311 N 9th Avenue, Pensacola, FL 32502",:Pensacola,",:Italian, Pizza, Seafood",:40,:3.7,:Good,:292
17616295,:The Crab Shack,:Savannah,:40 Estill Hammock Rd, Tybee Island, GA 31328",:Tybee Island,,:Seafood,:40,:3.8,:Good,:883
16604370,:Mad Cowes Cafe,:Phillip Island,:4/17 The Esplanade, Cowes, VIC",:Phillip Island,",:Breakfast, Coffee and Tea, Modern Australian",:20,:3.7,:Good,:351
17316766,:Bluebird Diner,:Cedar Rapids/Iowa City,:330 E Market St, Iowa City, IA 52245",:Iowa City,",:Breakfast, Diner",:25,:3.6,:Good,:253
17342648,:Salsa's Mexican Restaurant,:Dubuque,:1091 Main St, Dubuque, IA 52001",:Dubuque,,:Mexican,:10,:3.4,:Average,:153
17580704,:The Tin Cow,:Pensacola,:102 S Palafox Pl, Pensacola, FL",:Pensacola,",:Burger, Bar Food",:25,:3.7,:Good,:559
17259958,:Malo,:Des Moines,:900 Mulberry Street, Des Moines, IA 50309",:Downtown,",:Latin American, Mexican",:25,:3.2,:Average,:113
17615976,:Moon River Brewing Company,:Savannah,:21 W Bay St, Savannah, GA 31401",:Savannah,",:American, Bar Food, Sandwich",:25,:3.7,:Good,:747
17066603,:The Coop,:Orlando,:610 W Morse Boulevard, Winter Park, FL 32789",:Winter Park,",:Southern, Cajun, Soul Food",:25,:3.6,:Good,:432
17294642,:Sconyers Bar B Que,:Augusta,:2250 Sconyers Way, Augusta, GA 30906",:Augusta,,:BBQ,:25,:3.5,:Good,:304
17579653,:Hemingway's Island Grill,:Pensacola,:400 Quietwater Beach Rd, Pensacola Beach, FL 32561",:Pensacola Beach,",:Caribbean, Seafood, Steak",:40,:3.5,:Good,:479
17374978,:Troll Tavern,:Gainesville,:8590 N Main St Ste B, Helen, GA 30545",:Helen,",:Burger, German, Sandwich",:25,:2.2,:Poor,:108
16613059,:Poets Cafe,:Montville,:167 Main St, Montville, QLD",:Montville,",:Coffee and Tea, Modern Australian",:30,:2.4,:Poor,:193
17615915,:The Lady & Sons,:Savannah,:102 W Congress St, Savannah, GA 31401",:Savannah,,:Southern,:40,:3.3,:Average,:1201
6710645,:Cantinho da Gula,:S°úo Paulo,:Rua Pedroso Alvarenga, 522, Itaim Bibi, S°úo Paulo, SP",:Itaim Bibi,,:Brazilian,:55,:0,:Not rated,:0
17284105,:Cookie Shoppe,:Albany,:115 N Jackson St, Albany, GA 31701",:Albany,,,:0,:3,:0,:34
17284302,:0
17284211,:Pearly's Famous Country Cookng,:Albany,:814 N Slappey Blvd, Albany, GA 31701",:Albany,,,:0,:3,:0,:36
17284094,:0
17284158,:Jimmie's Hot Dogs,:Albany,:204 S Jackson St, Albany, GA 31701",:Albany,,,:10,:3,:0,:160
17284175,:0
17374552,:Corkscrew Cafe,:Gainesville,:51 W Main St, Dahlonega, GA 30533",:Dahlonega,,,:40,:3,:0,:209
17375078,:0
17501439,:Dovetail,:Macon,:543 Cherry St, Macon, GA 31201",:Macon,,,:40,:3,:0,:102
17501279,:0
17606621,:HI Lite Bar & Lounge,:Miller,:109 N Broadway Ave, Miller, SD 57362",:Miller,,,:0,:3,:0,:11
17687832,:0
17060320,:Raglan Road Irish Pub and Restaurant,:Orlando,:1640 E Buena Vista Drive, Lake Buena Vista, FL 32830",:Disney,: Downtown Disney,:0,:50,:4.3,:0
17059060,:Hillstone,:Orlando,:215 South Orlando Avenue, Winter Park, FL 32789",:Winter Park,,,:40,:4,:0,:1158
17061231,:0
17142698,:Leonard's Bakery,:Rest of Hawaii,:933 Kapahulu Ave, Honolulu, HI 96816",:Kaimuki,,,:10,:4,:0,:707
17144991,:0
17616465,:Tybee Island Social Club,:Savannah,:1311 Butler Ave, Tybee Island, GA 31328",:Tybee Island,,,:10,:3,:0,:309
18483372,:0
